// 상인 정보,,상인 코드,요구배럴,배럴당 가격,인원수1,,,,,,,,,,,,,,,,,,,,,,
label(dealer),syscode,dealercode,wantbarrel,goldofbarrel,spritename,name,mentdeal,mentoverdeal,iconname,wantanimal,wantfresh_1,wantfresh_2,wantfresh_3,wantfresh_4,wantfresh_5,wantfresh_6,wantfresh_7,wantfresh_8,wantfresh_9,replace_dealer,wantbrl_xrow,wantbrl_mid,wantbrl_high,wantbrl_xhigh,group,level,
,80000,0,3,10,dealer01,세울우유,dealA1 dealA2 dealA3 dealA4 dealA5 dealA6 dealA7,overA1 overA2,-1,3^100^4^101^5^102^214,15,21,30,35,41,53,58,64,69,7,-1,-1,-1,-1,0,0,
,80001,1,4,22,dealer02,메일우유,dealB1 dealB2 dealB3 dealB4 dealB5 dealB6 dealB7,overB1 overB2,icon_dealer02,200^6^103^201^7^104^214,26,26,46,51,57,69,74,79,84,8,-1,-1,-1,-1,1,0,
,80002,2,5,34,dealer03,푸른우유,dealC1 dealC2 dealC3 dealC4 dealC5 dealC6 dealC7,overC1 overC2,icon_dealer03,202^8^105^203^9^106^214,56,56,56,56,62,74,79,84,89,9,-1,-1,-1,-1,2,0,
,80003,3,6,46,dealer04,그린우유,dealD1 dealD2 dealD3 dealD4 dealD5 dealD6 dealD7,overD1 overD2,icon_dealer04,204^10^107^205^11^108^214,73,73,73,73,73,85,90,95,100,10,-1,-1,-1,-1,3,0,
,80004,4,6,58,dealer05,대관령우유,dealE1 dealE2 dealE3 dealE4 dealE5 dealE6 dealE7,overE1 overE2,icon_dealer05,206^12^109^207^13^110^214,95,95,95,95,95,95,95,100,105,11,-1,-1,-1,-1,4,0,
,80005,5,6,70,dealer06,연새우유,dealF1 dealF2 dealF3 dealF4 dealF5 dealF6 dealF7,overF1 overF2,icon_dealer06,208^14^111^15^209^112^214,106,106,106,106,106,106,106,106,110,12,-1,-1,-1,-1,5,0,
,80006,6,7,82,dealer07,파스태르,dealG1 dealG2 dealG3 dealG4 dealG5 dealG6 dealG7,overG1 overG2,icon_dealer07,210^211^113^114^212^213^214,146,146,146,146,146,146,146,146,146,12,-1,-1,-1,-1,6,0,
,80007,7,14,30,dealer08,강한 우유,dealH1 dealH2 dealH3 dealH4 dealH5 dealH6 dealH7,overH1 overH2,icon_dealer07,109^16^115^20,60,130,155,180,195,215,235,255,255,0,7,14,29,32,0,1,
,80008,8,17,110,dealer09,바리스타 유업,dealI1 dealI2 dealI3 dealI4 dealI5 dealI6 dealI7,overI1 overI2,icon_dealer07,21^119^215^23,190,190,205,220,235,255,275,295,295,1,8,17,30,33,1,1,
,80009,9,18,125,dealer10,빈티지 유업,dealJ1 dealJ2 dealJ3 dealJ4 dealJ5 dealJ6 dealJ7,overJ1 overJ2,icon_dealer07,120^219^17^121,230,230,230,260,275,295,315,335,335,2,10,18,31,35,2,1,
,80010,10,19,140,dealer11,마이스터 유업,dealK1 dealK2 dealK3 dealK4 dealK5 dealK6 dealK7,overK1 overK2,icon_dealer07,220^117^221^217,285,285,285,285,300,320,340,360,360,3,12,19,32,37,3,1,
i,80011,11,19,150,dealer12,글로리 유업,dealL1 dealL2 dealL3 dealL4 dealL5 dealL6 dealL7,overL1 overL2,icon_dealer07,24^25^26^27^28^29,300,300,300,300,285,315,340,365,365,4,12,19,32,37,4,1,
,80012,12,20,160,dealer13,프리티 유업,dealM1 dealM2 dealM3 dealM4 dealM5 dealM6 dealM7,overM1 overM2,icon_dealer07,122^123^124^125^126^127,350,350,350,350,335,335,335,380,380,5,13,20,33,38,5,1,
,80013,13,20,170,dealer14,카우 그룹 회장님,dealN1 dealN2 dealN3 dealN4 dealN5 dealN6 dealN7,overN1 overN2,icon_dealer07,222^223^224^225^226^227,420,420,420,420,405,405,405,405,405,6,13,20,33,38,6,1,
// 상인 얼굴 정보,,,,,,,,,,,,,,,,,,,,,,,,,,,
label(dealer_face_pos),dealer_code,pos_x,pos_y,,,,,,,,,,,,,,,,,,,,,,,,
,0,-244,87.5,,,,,,,,,,,,,,,,,,,,,,,,
,1,-246,84,,,,,,,,,,,,,,,,,,,,,,,,
,2,-236,100,,,,,,,,,,,,,,,,,,,,,,,,
,3,-247,86,,,,,,,,,,,,,,,,,,,,,,,,
,4,-249.5,106,,,,,,,,,,,,,,,,,,,,,,,,
,5,-228.5,88,,,,,,,,,,,,,,,,,,,,,,,,
,6,-251,99,,,,,,,,,,,,,,,,,,,,,,,,
,7,-249,88.5,,,,,,,,,,,,,,,,,,,,,,,,
,8,-248.5,84.5,,,,,,,,,,,,,,,,,,,,,,,,
,9,-249,106.5,,,,,,,,,,,,,,,,,,,,,,,,
,10,-249,102,,,,,,,,,,,,,,,,,,,,,,,,
,11,-248,107.5,,,,,,,,,,,,,,,,,,,,,,,,
,12,-239,94.5,,,,,,,,,,,,,,,,,,,,,,,,
,13,-266,124.5,,,,,,,,,,,,,,,,,,,,,,,,
label(dealerment),key,ment,,,,,,,,,,,,,,,,,,,,,,,,,
,dealA1,신선도나 수량이 부족하면 제값을 줄 수 없으니 기억해 두시오.,,,,,,,,,,,,,,,,,,,,,,,,,
,dealA2,신선도가 부족해도 수량이 많으면 제값 쳐줄 수 있소.,,,,,,,,,,,,,,,,,,,,,,,,,
,dealA3,내가 요구하는 것보다 수량과 신선도가 좋으면 값을 더 쳐줄 수도 있다구.,,,,,,,,,,,,,,,,,,,,,,,,,
,dealA4,반복해서 거래를 성공적으로 진행하면 표창이 수여된다는거 알고 있소?,,,,,,,,,,,,,,,,,,,,,,,,,
,dealA5,내 요구 조건보다 더 좋은 우유를 계속해서 판다면 아이템을 선물로 주지.,,,,,,,,,,,,,,,,,,,,,,,,,
,dealA6,우유 탱크가 충분히 크다면 다음 거래를 대비해서 우유를 모아두는 방법도 있수다.,,,,,,,,,,,,,,,,,,,,,,,,,
,dealA7,우유를 많이 팔 수록 수입이 그만큼 늘어난다는 것은 알고 있겠지?,,,,,,,,,,,,,,,,,,,,,,,,,
,overA1,바쁜 와중에도 좋은 품질의 우유를 많이 생산한다니! 정말 대단하군.,,,,,,,,,,,,,,,,,,,,,,,,,
,overA2,뭐 이런말 하기 그렇지만... 잘 해낼줄 알고 있었어.,,,,,,,,,,,,,,,,,,,,,,,,,
,dealB1,신선도나 수량이 부족하면 제값을 줄 수 없다구~,,,,,,,,,,,,,,,,,,,,,,,,,
,dealB2,신선도가 부족하다고? 그럼 그냥 많이 팔아봐!,,,,,,,,,,,,,,,,,,,,,,,,,
,dealB3,내 조건보다 많은 우유를 팔면 값을 더 줄테니 최대한 많이 팔아봐.,,,,,,,,,,,,,,,,,,,,,,,,,
,dealB4,계속해서 거래를 성공시키면 낙농조합에서 표창장과 상금을 줄걸세.,,,,,,,,,,,,,,,,,,,,,,,,,
,dealB5,아주 신선한 우유를 많이 팔면 추가로 값을 올려주고 아이템도 선물해주지!,,,,,,,,,,,,,,,,,,,,,,,,,
,dealB6,우유 탱크에 우유를 모아 뒀다가 한번에 많이 팔아버리는 방법도 있으니 기억해둬!,,,,,,,,,,,,,,,,,,,,,,,,,
,dealB7,우유를 최대한 많이 모아 팔 수록 단기간에 많은 수입을 올릴 수 있다구.,,,,,,,,,,,,,,,,,,,,,,,,,
,overB1,역시 기대를 저버리지 않는구만! 계속 이렇게 해주게.,,,,,,,,,,,,,,,,,,,,,,,,,
,overB2,아주 잘 해주고 있군! 이 근방에서 짜요 목장만큼 잘 나가는 곳은 없을거야!,,,,,,,,,,,,,,,,,,,,,,,,,
,dealC1,신선도와 수량을 맞춰 줘야 제값을 줄수 있어.,,,,,,,,,,,,,,,,,,,,,,,,,
,dealC2,신선도가 좀 모자라면 모자란만큼 우유를 많~이 팔아서 해결할 수 있을거야.,,,,,,,,,,,,,,,,,,,,,,,,,
,dealC3,우유가 넘쳐나? 많이 팔면 그만큼 가격을 올려줄게!,,,,,,,,,,,,,,,,,,,,,,,,,
,dealC4,성실하게 거래를 성공시키면 표창장과 많은 장려금이 지급된다고 하던데?,,,,,,,,,,,,,,,,,,,,,,,,,
,dealC5,내가 요구하는 사항보다 좋은 조건으로 우유를 팔면 아이템을 선물해 줄게.,,,,,,,,,,,,,,,,,,,,,,,,,
,dealC6,다른 상인과 거래할 때 우유가 모자라면 우유를 조금씩 모아뒀다가 파는 것도 생각해봐.,,,,,,,,,,,,,,,,,,,,,,,,,
,dealC7,부자가 되고 싶으면 우유를 많이 모아서 팔아봐!,,,,,,,,,,,,,,,,,,,,,,,,,
,overC1,와~ 이렇게 잘할줄은 몰랐는데? 다음에도 기대할께!,,,,,,,,,,,,,,,,,,,,,,,,,
,overC2,아주 잘해줬어! 다음에도 이 정도 우유를 기대할 수 있겠지?,,,,,,,,,,,,,,,,,,,,,,,,,
,dealD1,신선도와 수량이 부족하면 제값을 쳐 줄수 없다우.,,,,,,,,,,,,,,,,,,,,,,,,,
,dealD2,우유 수량만 많고 신선도가 부족하면 일단 많이 팔아보시구려!,,,,,,,,,,,,,,,,,,,,,,,,,
,dealD3,신선한 우유를 많이 팔면 값을 더 올려서 사갈게!,,,,,,,,,,,,,,,,,,,,,,,,,
,dealD4,여러 번 거래를 성공하면 조합에서 포상금이 나온다우.,,,,,,,,,,,,,,,,,,,,,,,,,
,dealD5,자네한테만 알려주는건데 아주 좋은 우유를 많이 팔아주면 아이템을 따로 선물해 줄게!,,,,,,,,,,,,,,,,,,,,,,,,,
,dealD6,우유 수량이 모자랄 때가 있지? 그럴때에는 우유를 다 팔지 말고 조금씩 모아 뒀다 팔아봐.,,,,,,,,,,,,,,,,,,,,,,,,,
,dealD7,많이 파는게 많이 남는거야! 있을 때 많이 팔아봐!,,,,,,,,,,,,,,,,,,,,,,,,,
,overD1,아이구! 정말 고생했어. 내가 작은 선물하나 주고 갈테니 잘 쓰라구!,,,,,,,,,,,,,,,,,,,,,,,,,
,overD2,아주 잘해줬네~ 다음에도 이렇게 해주길 기대할게~,,,,,,,,,,,,,,,,,,,,,,,,,
,dealE1,음..신선도하고 수량이 부족하면 단가만큼 다 드릴수 없어요.,,,,,,,,,,,,,,,,,,,,,,,,,
,dealE2,신선도가 부족하다면 우유를 많이 팔아보세요. 모자란 우유 품질은 수량으로 메꿀수 있거든요.,,,,,,,,,,,,,,,,,,,,,,,,,
,dealE3,제가 요구한 수량보다 더 많은 우유를 가지고 있으면 그만큼 값을 올려드릴 수 있어요.,,,,,,,,,,,,,,,,,,,,,,,,,
,dealE4,제 요구 조건에 맞춘 거래를 계속 성공하면 낙농조합에서 포상금이 지급된다고 합니다.,,,,,,,,,,,,,,,,,,,,,,,,,
,dealE5,제 요구 조건보다 더 좋은 우유를 거래하면 우수 거래용 아이템을 드리도록 할게요.,,,,,,,,,,,,,,,,,,,,,,,,,
,dealE6,필요하다면 우유를 다 팔지 말고 남은 우유를 모아뒀다가 몰아서 파는 방법도 있습니다.,,,,,,,,,,,,,,,,,,,,,,,,,
,dealE7,우유 생산에 자신이 있다면 팔수 있을 때 많이 파는 것이 이익이죠.,,,,,,,,,,,,,,,,,,,,,,,,,
,overE1,이 정도 품질의 우유라면 어디가도 뒤지지 않을겁니다!,,,,,,,,,,,,,,,,,,,,,,,,,
,overE2,정말 좋은 우유에요. 수량도 품질도 완벽하네요!,,,,,,,,,,,,,,,,,,,,,,,,,
,dealF1,우유의 신선도와 수량이 부족하면 정상 거래 단가로는 거래를 할 수가 없으니 주의하세요.,,,,,,,,,,,,,,,,,,,,,,,,,
,dealF2,신선도가 부족하다면 부족한 만큼 판매할 우유를 많이 팔아서 정상적으로 거래 할 수 있어요.,,,,,,,,,,,,,,,,,,,,,,,,,
,dealF3,우유를 많이 팔면 돈을 더 드릴 수 있어요. 많이 파는게 남는거죠!,,,,,,,,,,,,,,,,,,,,,,,,,
,dealF4,계속해서 거래를 잘 이루어 나가보세요! 낙농조합에서 표창과 상금이 주어진데요.,,,,,,,,,,,,,,,,,,,,,,,,,
,dealF5,제 우유 거래 조건을 뛰어넘는 우유를 제공해 주시면 특별한 아이템을 선물로 드릴게요!,,,,,,,,,,,,,,,,,,,,,,,,,
,dealF6,우유 탱크가 충분하다면 우유를 모아 좋은 단가를 제시하는 상인에게 몰아서 판매해보세요.,,,,,,,,,,,,,,,,,,,,,,,,,
,dealF7,우유를 많~이 팔 수록 많은 돈을 얻는다는건 기본중의 기본이죠!,,,,,,,,,,,,,,,,,,,,,,,,,
,overF1,어머나! 정말 대단하네요. 기대이상이에요! 앞으로도 이렇게 쭉- 해주시길 바래요!,,,,,,,,,,,,,,,,,,,,,,,,,
,overF2,이렇게 좋은 우유를 받을 수 있다니 정말 기쁘네요. 다음에도 기대할께요~,,,,,,,,,,,,,,,,,,,,,,,,,
,dealG1,허허..우유의 신선도와 수량이 부족하면 나라도 거래금액을 모두 줄 수 없어.,,,,,,,,,,,,,,,,,,,,,,,,,
,dealG2,허허` 신선도가 부족할 때에는 그냥 많이 짜두라고! 수량이 많으면 정상적으로 단가를 거래해주지.,,,,,,,,,,,,,,,,,,,,,,,,,
,dealG3,내가 요구하는 것보다 더 우유를 많이 팔려고? 그럼 내가 더 값을 쳐 주지!,,,,,,,,,,,,,,,,,,,,,,,,,
,dealG4,거래를 연속적으로 성공하면 어디 조합에서 돈을 준다던데?,,,,,,,,,,,,,,,,,,,,,,,,,
,dealG5,내가 요구하는 조건보다 더 좋은 우유를 많이 제공할 자신이 있다면 내가 선물을 주지!,,,,,,,,,,,,,,,,,,,,,,,,,
,dealG6,우유를 꼭 다 팔아버리는게 능사는 아니네! 잘 모아서 한번에 팔아치우는 것도 방법이지.,,,,,,,,,,,,,,,,,,,,,,,,,
,dealG7,자네가 얼마나 많은 우유를 짜냈는가에 따라 목장이 달라진다구!,,,,,,,,,,,,,,,,,,,,,,,,,
,overG1,난 자네가 이렇게 잘 해낼거라는 걸 알고 있었지! 다음에도 기대하겠네.,,,,,,,,,,,,,,,,,,,,,,,,,
,overG2,허허! 역시나 내가 사람 보는 눈은 있다니까. 자네 목장이 최고야!,,,,,,,,,,,,,,,,,,,,,,,,,
,dealH1,좋아! 어디 거래를 한번 해볼까?,,,,,,,,,,,,,,,,,,,,,,,,,
,dealH2,내가 원하는 동물이 있다면 비싸게 우유를 사주지!,,,,,,,,,,,,,,,,,,,,,,,,,
,dealH3,언젠가 최강의 우유 상인이 될거야! 일단 우유부터 먼저 사고...,,,,,,,,,,,,,,,,,,,,,,,,,
,dealH4,조건만 된다면 다른 상인들과 비교도 안될만큼의 가격으로 우유를 사줄게!,,,,,,,,,,,,,,,,,,,,,,,,,
,dealH5,난 다른 상인들과 거래 조건이 좀 다르니 잘 알아둬.,,,,,,,,,,,,,,,,,,,,,,,,,
,dealH6,어중간한 우유 수량으로는 내 성미에 차지 않는다는 것 쯤은 알아둬.,,,,,,,,,,,,,,,,,,,,,,,,,
,dealH7,뭐` 너 정도면 내가 요구하는 우유 품질은 우습겠지?,,,,,,,,,,,,,,,,,,,,,,,,,
,overH1,역시 짜요 목장의 우유가 최고지!,,,,,,,,,,,,,,,,,,,,,,,,,
,overH2,좋아` 다음에도 또 와야겠어.,,,,,,,,,,,,,,,,,,,,,,,,,
,dealI1,내 커피 체인점에 쓸 우유는 최고 품질이어야 해.,,,,,,,,,,,,,,,,,,,,,,,,,
,dealI2,우리 카페 온적있어? 조금만 더 있으면 전국을 확 휩쓸테니까~,,,,,,,,,,,,,,,,,,,,,,,,,
,dealI3,난 최고의 우유만을 원해. 시간 나면 우리 바리스타 카페에도 한번 들러줘!,,,,,,,,,,,,,,,,,,,,,,,,,
,dealI4,최고의 우유만이 최고의 라떼를 만든다구! 언제 한번 내가 만든 라떼 먹어볼래?,,,,,,,,,,,,,,,,,,,,,,,,,
,dealI5,좋아... 조금만 더 노력하면 빈티지 카페와 마이스터 카페를 누를수 있겠어... 후후후.,,,,,,,,,,,,,,,,,,,,,,,,,
,dealI6,바리스타 유업은 바리스타 카페 그룹 소속이야. 우유가 좋다면 언제든지 사줄 수 있어.,,,,,,,,,,,,,,,,,,,,,,,,,
,dealI7,바리스타 카페는 아직 업계 3위지만 조금 있으면 1위가 될테니 기대해도 좋아. 호호.,,,,,,,,,,,,,,,,,,,,,,,,,
,overI1,흠~ 나쁘지 않은걸?,,,,,,,,,,,,,,,,,,,,,,,,,
,overI2,이제 좋은 우유가 생겼으니 좋은 커피를 구하러 가야겠다~,,,,,,,,,,,,,,,,,,,,,,,,,
,dealJ1,음... 어디 우유가 쓸만한가 좀 봐야겠군. 우유는 언제 팔텐가?,,,,,,,,,,,,,,,,,,,,,,,,,
,dealJ2,바리스타 유업의 애송이들은 우유 품질도 제대로 못가리는 애송이들이지. 그런데 우유는 안팔텐가?,,,,,,,,,,,,,,,,,,,,,,,,,
,dealJ3,이게 좋을까... 아니면 저게 좋을까... 그게 이번 우유중 제일 좋은 품질의 우유 맞지? 우유 팔긴 하는건가?,,,,,,,,,,,,,,,,,,,,,,,,,
,dealJ4,이곳은 유제품과 커피의 성지라고 할 수 있지. 그게 바로 유명 커피숍에서 직접 좋은 우유를 찾고 있는 이유라네.,,,,,,,,,,,,,,,,,,,,,,,,,
,dealJ5,빈티지 유업 산하의 빈티지 카페에서는 언제나 최고의 우유만을 찾는다네. 그래서 우유는 언제 팔건가?,,,,,,,,,,,,,,,,,,,,,,,,,
,dealJ6,내가 빈티지 유업과 카페를 운영한지 꽤나 오랜 시간이 흘렀구만... 그런데 우유는 언제 팔껀가?,,,,,,,,,,,,,,,,,,,,,,,,,
,dealJ7,나도 젊었을 때에는 꽤나 미남 바리스타로 이름을 날렸지... 그런데 우유 안팔껀가?,,,,,,,,,,,,,,,,,,,,,,,,,
,overJ1,아차차. 여기 우유 대금이네. 나이 먹으니 자꾸 기억이 가물가물하는구만.,,,,,,,,,,,,,,,,,,,,,,,,,
,overJ2,어이쿠` 우유 대금 여기있네. 왜 그런 눈빛으로 보는겐가? 절대 안주려던건 아닐세. 이게 다 나이 탓이야. 흠흠.,,,,,,,,,,,,,,,,,,,,,,,,,
,dealK1,마이스터 유업에서 왔습니다. 우유를 좀 봤으면 하는군요.,,,,,,,,,,,,,,,,,,,,,,,,,
,dealK2,마이스터 역시 빈티지` 바리스타 유업과 마찬가지로 카페 체인점을 운영합니다. 우유는 당연히 최고급이어야죠.,,,,,,,,,,,,,,,,,,,,,,,,,
,dealK3,저희 유업에서는 최고 등급의 원유를 원합니다. ,,,,,,,,,,,,,,,,,,,,,,,,,
,dealK4,폴이 이 목장을 자주 추천하더군요. ...과거에는 폴의 목장에서만 우유를 공급해서 사용했었죠.,,,,,,,,,,,,,,,,,,,,,,,,,
,dealK5,카페에서 사용할 우유가 필요합니다. 기대하는 만큼의 우유 품질이 나왔으면 합니다.,,,,,,,,,,,,,,,,,,,,,,,,,
,dealK6,이번 달 우유는 어떻습니까? ,,,,,,,,,,,,,,,,,,,,,,,,,
,dealK7,전 제가 직접 본 재료만 믿습니다. 직접 우유를 사는 이유 중에 하나죠.,,,,,,,,,,,,,,,,,,,,,,,,,
,overK1,이 정도면 충분하다고 생각되는군요. 다음에 다시 방문하도록 하겠습니다.,,,,,,,,,,,,,,,,,,,,,,,,,
,overK2,계속 거래를 했으면 좋겠군요.,,,,,,,,,,,,,,,,,,,,,,,,,
,dealL1,뭐야` 목장 꼴이 왜 이래? 우유는 준비해 뒀겠지?,,,,,,,,,,,,,,,,,,,,,,,,,
,dealL2,나부랭이 상인들하고 거래하지 말고` 우리 글로리 유업에나 꾸준히 납품하는게 어때?,,,,,,,,,,,,,,,,,,,,,,,,,
,dealL3,이 글로리 유업에서 쓸 우유는 당연히 최고 품질이어야 한다는 것은 알고 있겠지?,,,,,,,,,,,,,,,,,,,,,,,,,
,dealL4,다른 상인들한테는 찌꺼기나 넘겨주라구. 이 정도 값이라면 충분하지 않겠어?,,,,,,,,,,,,,,,,,,,,,,,,,
,dealL5,설마 이 내가 직접 왔는데도… 우유가 모자란다던가 품질이 떨어진다는 불상사는 없었으면 좋겠어.,,,,,,,,,,,,,,,,,,,,,,,,,
,dealL6,수단과 방법을 가리지 말고 최고의 우유를 대령하란 말이야!,,,,,,,,,,,,,,,,,,,,,,,,,
,dealL7,최대한 많이 팔라구. 니가 좋아하는 돈이라면 얼마든지 줄테니 말이야.,,,,,,,,,,,,,,,,,,,,,,,,,
,overL1,다음번에 왔을때는 당연히 이것보다 좋은 우유가 있겠지?,,,,,,,,,,,,,,,,,,,,,,,,,
,overL2,다음에 또 올테니 그때까지 잘 준비해두라구. 호호!,,,,,,,,,,,,,,,,,,,,,,,,,
,dealM1,프리티 유업에서 나왔어요. 우유는 준비됐겠죠?,,,,,,,,,,,,,,,,,,,,,,,,,
,dealM2,글로리 유업의 아줌마는 아직도 그 난리를 치고 다니나 보네요. 에휴…,,,,,,,,,,,,,,,,,,,,,,,,,
,dealM3,짜요 목장에서 나오는 우유는 이미 프리티 유업에서 큰 신뢰를 받고 있어요. 알고 계세요?,,,,,,,,,,,,,,,,,,,,,,,,,
,dealM4,프리티 유업은 밀크랜드에서 가장 큰 유업 회사중 하나에요. 그만큼 비싸게 사줄수도 있구요.,,,,,,,,,,,,,,,,,,,,,,,,,
,dealM5,음~ 이번 우유도 고소한게 아주 맛있겠네요.,,,,,,,,,,,,,,,,,,,,,,,,,
,dealM6,제가 어려보인다고 대충대충 거래하면 재미없을 거에요…,,,,,,,,,,,,,,,,,,,,,,,,,
,dealM7,카우그룹 회장님 만나보셨어요? 아마 만나면 재미있을거에요. 아무튼 우유부터!,,,,,,,,,,,,,,,,,,,,,,,,,
,overM1,음메?(우유는 어디있냐고 물어보는것 같다),,,,,,,,,,,,,,,,,,,,,,,,,
,overM2,음메~(신선도가 높은 우유로 최대한 많이 달라는 것 같다),,,,,,,,,,,,,,,,,,,,,,,,,
,dealN1,움메~~메에?(소가 회장 하는걸 처음보냐고 하는 것 같다),,,,,,,,,,,,,,,,,,,,,,,,,
,dealN2,"무우~(글로리 유업과 프리티 유업은 카우 그룹의 계열인데, 둘이 맨날 싸워 걱정이라는 것 같다)",,,,,,,,,,,,,,,,,,,,,,,,,
,dealN3,무우?(내가 지금 소라고 무시했다간 국물도 없다는 것 같다),,,,,,,,,,,,,,,,,,,,,,,,,
,dealN4,움메…(프리티 유업의 꼬맹이가 맨날 회장실로 찾아와서 힘들어 죽겠다고 하는것 같다),,,,,,,,,,,,,,,,,,,,,,,,,
,dealN5,음머~~어!(카우 그룹에서는 짜요 목장의 우유를 가장 선호한다고 하는 것 같다),,,,,,,,,,,,,,,,,,,,,,,,,
,dealN6,머어? 음머..(품질과 수량이 충분하다면 누구보다 가장 높은 값을 지불해 준다고 하는 것 같다),,,,,,,,,,,,,,,,,,,,,,,,,
,dealN7,움머~(저기 보이는 소가 맛있는게 먹고 싶다고 하니 나중에 잘 챙겨주라고 하는 것 같다),,,,,,,,,,,,,,,,,,,,,,,,,
,overN1,움머~!(다음에 또 올테니 그때는 간식으로 먹을 건초를 좀 마련해 두라고 하는 것 같다),,,,,,,,,,,,,,,,,,,,,,,,,
,overN2,움메에~(이건 대체 뭔 말인지 못알아 듣겠다...),,,,,,,,,,,,,,,,,,,,,,,,,
// 상인 거래 정보,,우유 만족 명성도,우유 수량 불만족,신선도 불만족,표창장받는 거래횟수,초과 달성 배럴 (%),초과 달성 신선도 (%),첫 달 요구 배럴,,,,,,,,,,,,,,,,,,,
label(dealinfo),syscode,fameofdealok,fameofbarrelfail,fameoffreshfail,presentablecount,overdealbarrel,overdealfresh,firstwantbarrel,fameofdealok1,fameofdealok2,,,,,,,,,,,,,,,,,
,80100,5,-15,-15,6,100,0,3,9,14,,,,,,,,,,,,,,,,,
//,,색상 정보,,,,,,,,,,,,,,,,,,,,,,,,,
label(color),syscode,colorcode,r,g,b,descript,,,,,,,,,,,,,,,,,,,,,
,80200,1,255,229,158,소 d등급 sa 1,,,,,,,,,,,,,,,,,,,,,
,80201,2,185,231,255,소 d등급 sa 2,,,,,,,,,,,,,,,,,,,,,
,80202,3,73,170,211,소 c등급 sc 1,,,,,,,,,,,,,,,,,,,,,
,80203,4,202,124,255,소 c등급 sc 2,,,,,,,,,,,,,,,,,,,,,
,80204,5,255,156,179,소 b등급 sb 1,,,,,,,,,,,,,,,,,,,,,
,80205,6,196,186,255,소 b등급 sb 2,,,,,,,,,,,,,,,,,,,,,
,80206,7,173,109,66,양 d등급 sa 1,,,,,,,,,,,,,,,,,,,,,
,80207,8,192,255,255,양 d등급 sa 2,,,,,,,,,,,,,,,,,,,,,
,80208,9,255,225,129,양 c등급 sc 1,,,,,,,,,,,,,,,,,,,,,
,80209,10,135,160,202,양 c등급 sc 2,,,,,,,,,,,,,,,,,,,,,
,80210,11,255,253,202,양 b등급 sb 1,,,,,,,,,,,,,,,,,,,,,
,80211,12,202,255,244,양 b등급 sb 2,,,,,,,,,,,,,,,,,,,,,
,80212,13,255,238,190,산양 d등급 sa 1,,,,,,,,,,,,,,,,,,,,,
,80213,14,205,231,247,산양 d등급 sa 2,,,,,,,,,,,,,,,,,,,,,
,80214,15,255,239,143,산양 c등급 sc 1,,,,,,,,,,,,,,,,,,,,,
,80215,16,240,240,255,산양 c등급 sc 2,,,,,,,,,,,,,,,,,,,,,
,80216,17,255,162,162,산양 b등급 sb 1,,,,,,,,,,,,,,,,,,,,,
,80217,18,183,200,255,산양 b등급 sb 2,,,,,,,,,,,,,,,,,,,,,
//,,무늬 정보,,,,,,,,,,,,,,,,,,,,,,,,,
label(stbody),syscode,stcode,atlasname,a1,a2,a3,a4,a5,a6,a7,a8,a9,a10,a11,a12,a13,,,,,,,,,,,
,80300,100,animal_00,cow_b_01,cow_b_02,cow_b_03,cow_b_04,cow_b_05,cow_b_06,cow_b_07,cow_b_08,cow_b_09,cow_b_10,cow_b_11,cow_b_12,cow_b_13,,,,,,,,,,,
,80300,101,animal_00,cow_bg_01,cow_bg_02,cow_bg_03,cow_bg_04,cow_bg_05,cow_bg_06,cow_bg_07,cow_bg_08,cow_bg_09,cow_bg_10,cow_bg_11,cow_bg_12,cow_bg_13,,,,,,,,,,,
,80300,102,animal_00,cow_bh_01,cow_bh_02,cow_bh_03,cow_bh_04,cow_bh_05,cow_bh_06,cow_bh_07,cow_bh_08,cow_bh_09,cow_bh_10,cow_bh_11,cow_bh_12,cow_bh_13,,,,,,,,,,,
,80300,103,animal_00,cow_bi_01,cow_bi_02,cow_bi_03,cow_bi_04,cow_bi_05,cow_bi_06,cow_bi_07,cow_bi_08,cow_bi_09,cow_bi_10,cow_bi_11,cow_bi_12,cow_bi_13,,,,,,,,,,,
,80300,104,animal_00,cow_bj_01,cow_bj_02,cow_bj_03,cow_bj_04,cow_bj_05,cow_bj_06,cow_bj_07,cow_bj_08,cow_bj_09,cow_bj_10,cow_bj_11,cow_bj_12,cow_bj_13,,,,,,,,,,,
,80300,200,animal_00,cow_sa_01,cow_sa_02,cow_sa_03,cow_sa_04,cow_sa_05,cow_sa_06,cow_sa_07,cow_sa_08,cow_sa_09,cow_sa_09,cow_sa_09,cow_sa_09,cow_sa_13,,,,,,,,,,,
,80300,201,animal_00,cow_bc_01,cow_bc_02,cow_bc_03,cow_bc_04,cow_bc_05,cow_bc_06,cow_bc_07,cow_bc_08,cow_bc_09,cow_bc_10,cow_bc_11,cow_bc_12,cow_bc_13,,,,,,,,,,,
,80300,202,animal_00,cow_bf_01,cow_bf_02,cow_bf_03,cow_bf_04,cow_bf_05,cow_bf_06,cow_bf_07,cow_bf_08,cow_bf_09,cow_bf_10,cow_bf_11,cow_bf_12,cow_bf_13,,,,,,,,,,,
,80300,203,animal_00,cow_bd_01,cow_bd_02,cow_bd_03,cow_bd_04,cow_bd_05,cow_bd_06,cow_bd_07,cow_bd_08,cow_bd_09,cow_bd_10,cow_bd_11,cow_bd_12,cow_bd_13,,,,,,,,,,,
,80300,204,animal_00,cow_be_01,cow_be_02,cow_be_03,cow_be_04,cow_be_05,cow_be_06,cow_be_07,cow_be_08,cow_be_09,cow_be_10,cow_be_11,cow_be_12,cow_be_13,,,,,,,,,,,
,80300,205,animal_00,cow_ba_01,cow_ba_02,cow_ba_03,cow_ba_04,cow_ba_05,cow_ba_06,cow_ba_07,cow_ba_08,cow_ba_09,cow_ba_10,cow_ba_11,cow_ba_12,cow_ba_13,,,,,,,,,,,
,80300,206,animal_03,cow_sc_01,cow_sc_02,cow_sc_03,cow_sc_04,cow_sc_05,cow_sc_06,cow_sc_07,cow_sc_08,cow_sc_09,cow_sc_10,cow_sc_11,cow_sc_12,cow_sc_13,,,,,,,,,,,
,80300,207,animal_00,cow_bb_01,cow_bb_02,cow_bb_03,cow_bb_04,cow_bb_05,cow_bb_06,cow_bb_07,cow_bb_08,cow_bb_09,cow_bb_10,cow_bb_11,cow_bb_12,cow_bb_13,,,,,,,,,,,
,80300,208,animal_00,cow_sb_01,cow_sb_02,cow_sb_03,cow_sb_04,cow_sb_05,cow_sb_06,cow_sb_07,cow_sb_08,cow_sb_09,cow_sb_10,cow_sb_11,cow_sb_12,cow_sb_13,,,,,,,,,,,
,80300,209,animal_03,cow_se_01,cow_se_02,cow_se_03,cow_se_04,cow_se_05,cow_se_06,cow_se_07,cow_se_08,cow_se_09,cow_se_10,cow_se_11,cow_se_12,cow_se_13,,,,,,,,,,,
,80300,210,animal_03,cow_sd_01,cow_sd_02,cow_sd_03,cow_sd_04,cow_sd_05,cow_sd_06,cow_sd_07,cow_sd_08,cow_sd_09,cow_sd_10,cow_sd_11,cow_sd_12,cow_sd_13,,,,,,,,,,,
,80300,211,animal_04,cow_bk_01,cow_bk_02,cow_bk_03,cow_bk_04,cow_bk_05,cow_bk_06,cow_bk_07,cow_bk_08,cow_bk_09,cow_bk_10,cow_bk_11,cow_bk_12,cow_bk_13,,,,,,,,,,,
,80300,212,animal_04,cow_bl_01,cow_bl_02,cow_bl_03,cow_bl_04,cow_bl_05,cow_bl_06,cow_bl_07,cow_bl_08,cow_bl_09,cow_bl_10,cow_bl_11,cow_bl_12,cow_bl_13,,,,,,,,,,,
,80300,213,animal_04,cow_bm_01,cow_bm_02,cow_bm_03,cow_bm_04,cow_bm_05,cow_bm_06,cow_bm_07,cow_bm_08,cow_bm_09,cow_bm_10,cow_bm_11,cow_bm_12,cow_bm_13,,,,,,,,,,,
,80300,214,animal_04,cow_bq_01,cow_bq_02,cow_bq_03,cow_bq_04,cow_bq_05,cow_bq_06,cow_bq_07,cow_bq_08,cow_bq_09,cow_bq_10,cow_bq_11,cow_bq_12,cow_bq_13,,,,,,,,,,,
,80300,215,animal_05,cow_bp_01,cow_bp_02,cow_bp_03,cow_bp_04,cow_bp_05,cow_bp_06,cow_bp_07,cow_bp_08,cow_bp_09,cow_bp_10,cow_bp_11,cow_bp_12,cow_bp_13,,,,,,,,,,,
,80300,216,animal_05,cow_bpa_01,cow_bpa_02,cow_bpa_03,cow_bpa_04,cow_bpa_05,cow_bpa_06,cow_bpa_07,cow_bpa_08,cow_bpa_09,cow_bpa_10,cow_bpa_11,cow_bpa_12,cow_bpa_13,,,,,,,,,,,
,80300,217,animal_05,cow_bpb_01,cow_bpb_02,cow_bpb_03,cow_bpb_04,cow_bpb_05,cow_bpb_06,cow_bpb_07,cow_bpb_08,cow_bpb_09,cow_bpb_10,cow_bpb_11,cow_bpb_12,cow_bpb_13,,,,,,,,,,,
,80300,218,animal_05,cow_bn_01,cow_bn_02,cow_bn_03,cow_bn_04,cow_bn_05,cow_bn_06,cow_bn_07,cow_bn_08,cow_bn_09,cow_bn_10,cow_bn_11,cow_bn_12,cow_bn_13,,,,,,,,,,,
,80300,219,animal_05,cow_bo_01,cow_bo_02,cow_bo_03,cow_bo_04,cow_bo_05,cow_bo_06,cow_bo_07,cow_bo_08,cow_bo_09,cow_bo_10,cow_bo_11,cow_bo_12,cow_bo_13,,,,,,,,,,,
,80300,220,animal_07,cow_bna_01,cow_bna_02,cow_bna_03,cow_bna_04,cow_bna_05,cow_bna_06,cow_bna_07,cow_bna_08,cow_bna_09,cow_bna_10,cow_bna_11,cow_bna_12,cow_bna_13,,,,,,,,,,,
,80300,221,animal_07,cow_bnb_01,cow_bnb_02,cow_bnb_03,cow_bnb_04,cow_bnb_05,cow_bnb_06,cow_bnb_07,cow_bnb_08,cow_bnb_09,cow_bnb_10,cow_bnb_11,cow_bnb_12,cow_bnb_13,,,,,,,,,,,
,80300,222,animal_07,cow_boa_01,cow_boa_02,cow_boa_03,cow_boa_04,cow_boa_05,cow_boa_06,cow_boa_07,cow_boa_08,cow_boa_09,cow_boa_10,cow_boa_11,cow_boa_12,cow_boa_13,,,,,,,,,,,
,80300,223,animal_06,cow_bob_01,cow_bob_02,cow_bob_03,cow_bob_04,cow_bob_05,cow_bob_06,cow_bob_07,cow_bob_08,cow_bob_09,cow_bob_10,cow_bob_11,cow_bob_12,cow_bob_13,,,,,,,,,,,
,80300,300,animal_01,goat_b_01,goat_b_02,goat_b_03,goat_b_04,goat_b_05,goat_b_06,goat_b_07,goat_b_08,goat_b_09,goat_b_10,goat_b_11,goat_b_12,goat_b_13,,,,,,,,,,,
,80300,301,animal_01,goat_ba_01,goat_ba_02,goat_ba_03,goat_ba_04,goat_ba_05,goat_ba_06,goat_ba_07,goat_ba_08,goat_ba_09,goat_ba_10,goat_ba_11,goat_ba_12,goat_ba_13,,,,,,,,,,,
,80300,302,animal_01,goat_bb_01,goat_bb_02,goat_bb_03,goat_bb_04,goat_bb_05,goat_bb_06,goat_bb_07,goat_bb_08,goat_bb_09,goat_bb_10,goat_bb_11,goat_bb_12,goat_bb_13,,,,,,,,,,,
,80300,303,animal_01,goat_bf_01,goat_bf_02,goat_bf_03,goat_bf_04,goat_bf_05,goat_bf_06,goat_bf_07,goat_bf_08,goat_bf_09,goat_bf_10,goat_bf_11,goat_bf_12,goat_bf_13,,,,,,,,,,,
,80300,304,animal_01,goat_bc_01,goat_bc_02,goat_bc_03,goat_bc_04,goat_bc_05,goat_bc_06,goat_bc_07,goat_bc_08,goat_bc_09,goat_bc_10,goat_bc_11,goat_bc_12,goat_bc_13,,,,,,,,,,,
,80300,305,animal_01,goat_bd_01,goat_bd_02,goat_bd_03,goat_bd_04,goat_bd_05,goat_bd_06,goat_bd_07,goat_bd_08,goat_bd_09,goat_bd_10,goat_bd_11,goat_bd_12,goat_bd_13,,,,,,,,,,,
,80300,306,animal_01,goat_bg_01,goat_bg_02,goat_bg_03,goat_bg_04,goat_bg_05,goat_bg_06,goat_bg_07,goat_bg_08,goat_bg_09,goat_bg_10,goat_bg_11,goat_bg_12,goat_bg_13,,,,,,,,,,,
,80300,307,animal_01,goat_bh_01,goat_bh_02,goat_bh_03,goat_bh_04,goat_bh_05,goat_bh_06,goat_bh_07,goat_bh_08,goat_bh_09,goat_bh_10,goat_bh_11,goat_bh_12,goat_bh_13,,,,,,,,,,,
,80300,308,animal_01,goat_bi_01,goat_bi_02,goat_bi_03,goat_bi_04,goat_bi_05,goat_bi_06,goat_bi_07,goat_bi_08,goat_bi_09,goat_bi_10,goat_bi_11,goat_bi_12,goat_bi_13,,,,,,,,,,,
,80300,309,animal_01,goat_bj_01,goat_bj_02,goat_bj_03,goat_bj_04,goat_bj_05,goat_bj_06,goat_bj_07,goat_bj_08,goat_bj_09,goat_bj_10,goat_bj_11,goat_bj_12,goat_bj_13,,,,,,,,,,,
,80300,310,animal_03,goat_be_01,goat_be_02,goat_be_03,goat_be_04,goat_be_05,goat_be_06,goat_be_07,goat_be_08,goat_be_09,goat_be_10,goat_be_11,goat_be_12,goat_be_13,,,,,,,,,,,
,80300,401,animal_03,goat_sb_01,goat_sb_02,goat_sb_03,goat_sb_04,goat_sb_05,goat_sb_06,goat_sb_07,goat_sb_08,goat_sb_09,goat_sb_10,goat_sb_11,goat_sb_12,goat_sb_13,,,,,,,,,,,
,80300,402,animal_03,goat_sc_01,goat_sc_02,goat_sc_03,goat_sc_04,goat_sc_05,goat_sc_06,goat_sc_07,goat_sc_08,goat_sc_09,goat_sc_10,goat_sc_11,goat_sc_12,goat_sc_13,,,,,,,,,,,
,80300,403,animal_03,goat_sd_01,goat_sd_02,goat_sd_03,goat_sd_04,goat_sd_05,goat_sd_06,goat_sd_07,goat_sd_08,goat_sd_09,goat_sd_10,goat_sd_11,goat_sd_12,goat_sd_13,,,,,,,,,,,
,80300,404,animal_03,goat_se_01,goat_se_02,goat_se_03,goat_se_04,goat_se_05,goat_se_06,goat_se_07,goat_se_08,goat_se_09,goat_se_10,goat_se_11,goat_se_12,goat_se_13,,,,,,,,,,,
,80300,311,animal_04,goat_bm_01,goat_bm_02,goat_bm_03,goat_bm_04,goat_bm_05,goat_bm_06,goat_bm_07,goat_bm_08,goat_bm_09,goat_bm_10,goat_bm_11,goat_bm_12,goat_bm_13,,,,,,,,,,,
,80300,312,animal_04,goat_bk_01,goat_bk_02,goat_bk_03,goat_bk_04,goat_bk_05,goat_bk_06,goat_bk_07,goat_bk_08,goat_bk_09,goat_bk_10,goat_bk_11,goat_bk_12,goat_bk_13,,,,,,,,,,,
,80300,313,animal_04,goat_bl_01,goat_bl_02,goat_bl_03,goat_bl_04,goat_bl_05,goat_bl_06,goat_bl_07,goat_bl_08,goat_bl_09,goat_bl_10,goat_bl_11,goat_bl_12,goat_bl_13,,,,,,,,,,,
,80300,314,animal_04,goat_bq_01,goat_bq_02,goat_bq_03,goat_bq_04,goat_bq_05,goat_bq_06,goat_bq_07,goat_bq_08,goat_bq_09,goat_bq_10,goat_bq_11,goat_bq_12,goat_bq_13,,,,,,,,,,,
,80300,405,animal_05,goat_bp_01,goat_bp_02,goat_bp_03,goat_bp_04,goat_bp_05,goat_bp_06,goat_bp_07,goat_bp_08,goat_bp_09,goat_bp_10,goat_bp_11,goat_bp_12,goat_bp_13,,,,,,,,,,,
,80300,406,animal_05,goat_bpb_01,goat_bpb_02,goat_bpb_03,goat_bpb_04,goat_bpb_05,goat_bpb_06,goat_bpb_07,goat_bpb_08,goat_bpb_09,goat_bpb_10,goat_bpb_11,goat_bpb_12,goat_bpb_13,,,,,,,,,,,
,80300,407,animal_05,goat_bpa_01,goat_bpa_02,goat_bpa_03,goat_bpa_04,goat_bpa_05,goat_bpa_06,goat_bpa_07,goat_bpa_08,goat_bpa_09,goat_bpa_10,goat_bpa_11,goat_bpa_12,goat_bpa_13,,,,,,,,,,,
,80300,408,animal_05,goat_bn_01,goat_bn_02,goat_bn_03,goat_bn_04,goat_bn_05,goat_bn_06,goat_bn_07,goat_bn_08,goat_bn_09,goat_bn_10,goat_bn_11,goat_bn_12,goat_bn_13,,,,,,,,,,,
,80300,409,animal_05,goat_bo_01,goat_bo_02,goat_bo_03,goat_bo_04,goat_bo_05,goat_bo_06,goat_bo_07,goat_bo_08,goat_bo_09,goat_bo_10,goat_bo_11,goat_bo_12,goat_bo_13,,,,,,,,,,,
,80300,410,animal_07,goat_bna_01,goat_bna_02,goat_bna_03,goat_bna_04,goat_bna_05,goat_bna_06,goat_bna_07,goat_bna_08,goat_bna_09,goat_bna_10,goat_bna_11,goat_bna_12,goat_bna_13,,,,,,,,,,,
,80300,411,animal_07,goat_bnb_01,goat_bnb_02,goat_bnb_03,goat_bnb_04,goat_bnb_05,goat_bnb_06,goat_bnb_07,goat_bnb_08,goat_bnb_09,goat_bnb_10,goat_bnb_11,goat_bnb_12,goat_bnb_13,,,,,,,,,,,
,80300,412,animal_07,goat_boa_01,goat_boa_02,goat_boa_03,goat_boa_04,goat_boa_05,goat_boa_06,goat_boa_07,goat_boa_08,goat_boa_09,goat_boa_10,goat_boa_11,goat_boa_12,goat_boa_13,,,,,,,,,,,
,80300,413,animal_07,goat_bob_01,goat_bob_02,goat_bob_03,goat_bob_04,goat_bob_05,goat_bob_06,goat_bob_07,goat_bob_08,goat_bob_09,goat_bob_10,goat_bob_11,goat_bob_12,goat_bob_13,,,,,,,,,,,
,80300,500,animal_02,sheep_b_01,sheep_b_02,sheep_b_03,sheep_b_04,sheep_b_05,sheep_b_06,sheep_b_07,sheep_b_08,sheep_b_09,sheep_b_10,sheep_b_11,sheep_b_12,sheep_b_13,,,,,,,,,,,
,80300,501,animal_02,sheep_bb_01,sheep_bb_02,sheep_bb_03,sheep_bb_04,sheep_bb_05,sheep_bb_06,sheep_bb_07,sheep_bb_08,sheep_bb_09,sheep_bb_10,sheep_bb_11,sheep_bb_12,sheep_bb_13,,,,,,,,,,,
,80300,502,animal_02,sheep_ba_01,sheep_ba_02,sheep_ba_03,sheep_ba_04,sheep_ba_05,sheep_ba_06,sheep_ba_07,sheep_ba_08,sheep_ba_09,sheep_ba_10,sheep_ba_11,sheep_ba_12,sheep_ba_13,,,,,,,,,,,
,80300,503,animal_02,sheep_bc_01,sheep_bc_02,sheep_bc_03,sheep_bc_04,sheep_bc_05,sheep_bc_06,sheep_bc_07,sheep_bc_08,sheep_bc_09,sheep_bc_10,sheep_bc_11,sheep_bc_12,sheep_bc_13,,,,,,,,,,,
,80300,504,animal_02,sheep_bf_01,sheep_bf_02,sheep_bf_03,sheep_bf_04,sheep_bf_05,sheep_bf_06,sheep_bf_07,sheep_bf_08,sheep_bf_09,sheep_bf_10,sheep_bf_11,sheep_bf_12,sheep_bf_13,,,,,,,,,,,
,80300,505,animal_02,sheep_bd_01,sheep_bd_02,sheep_bd_03,sheep_bd_04,sheep_bd_05,sheep_bd_06,sheep_bd_07,sheep_bd_08,sheep_bd_09,sheep_bd_10,sheep_bd_11,sheep_bd_12,sheep_bd_13,,,,,,,,,,,
,80300,506,animal_02,sheep_bi_01,sheep_bi_02,sheep_bi_03,sheep_bi_04,sheep_bi_05,sheep_bi_06,sheep_bi_07,sheep_bi_08,sheep_bi_09,sheep_bi_10,sheep_bi_11,sheep_bi_12,sheep_bi_13,,,,,,,,,,,
,80300,507,animal_02,sheep_bj_01,sheep_bj_02,sheep_bj_03,sheep_bj_04,sheep_bj_05,sheep_bj_06,sheep_bj_07,sheep_bj_08,sheep_bj_09,sheep_bj_10,sheep_bj_11,sheep_bj_12,sheep_bj_13,,,,,,,,,,,
,80300,508,animal_02,sheep_be_01,sheep_be_02,sheep_be_03,sheep_be_04,sheep_be_05,sheep_be_06,sheep_be_07,sheep_be_08,sheep_be_09,sheep_be_10,sheep_be_11,sheep_be_12,sheep_be_13,,,,,,,,,,,
,80300,509,animal_02,sheep_bg_01,sheep_bg_02,sheep_bg_03,sheep_bg_04,sheep_bg_05,sheep_bg_06,sheep_bg_07,sheep_bg_08,sheep_bg_09,sheep_bg_10,sheep_bg_11,sheep_bg_12,sheep_bg_13,,,,,,,,,,,
,80300,510,animal_02,sheep_bh_01,sheep_bh_02,sheep_bh_03,sheep_bh_04,sheep_bh_05,sheep_bh_06,sheep_bh_07,sheep_bh_08,sheep_bh_09,sheep_bh_10,sheep_bh_11,sheep_bh_12,sheep_bh_13,,,,,,,,,,,
,80300,601,animal_03,sheep_sc_01,sheep_sc_02,sheep_sc_03,sheep_sc_04,sheep_sc_05,sheep_sc_06,sheep_sc_07,sheep_sc_08,sheep_sc_09,sheep_sc_10,sheep_sc_11,sheep_sc_12,sheep_sc_13,,,,,,,,,,,
,80300,603,animal_03,sheep_sd_01,sheep_sd_02,sheep_sd_03,sheep_sd_04,sheep_sd_05,sheep_sd_06,sheep_sd_07,sheep_sd_08,sheep_sd_09,sheep_sd_10,sheep_sd_11,sheep_sd_12,sheep_sd_13,,,,,,,,,,,
,80300,602,animal_02,sheep_sb_01,sheep_sb_02,sheep_sb_03,sheep_sb_04,sheep_sb_05,sheep_sb_06,sheep_sb_07,sheep_sb_08,sheep_sb_09,sheep_sb_10,sheep_sb_11,sheep_sb_12,sheep_sb_13,,,,,,,,,,,
,80300,604,animal_03,sheep_se_01,sheep_se_02,sheep_se_03,sheep_se_04,sheep_se_05,sheep_se_06,sheep_se_07,sheep_se_08,sheep_se_09,sheep_se_10,sheep_se_11,sheep_se_12,sheep_se_13,,,,,,,,,,,
,80300,605,animal_04,sheep_bl_01,sheep_bl_02,sheep_bl_03,sheep_bl_04,sheep_bl_05,sheep_bl_06,sheep_bl_07,sheep_bl_08,sheep_bl_09,sheep_bl_10,sheep_bl_11,sheep_bl_12,sheep_bl_13,,,,,,,,,,,
,80300,606,animal_04,sheep_bk_01,sheep_bk_02,sheep_bk_03,sheep_bk_04,sheep_bk_05,sheep_bk_06,sheep_bk_07,sheep_bk_08,sheep_bk_09,sheep_bk_10,sheep_bk_11,sheep_bk_12,sheep_bk_13,,,,,,,,,,,
,80300,607,animal_04,sheep_bm_01,sheep_bm_02,sheep_bm_03,sheep_bm_04,sheep_bm_05,sheep_bm_06,sheep_bm_07,sheep_bm_08,sheep_bm_09,sheep_bm_10,sheep_bm_11,sheep_bm_12,sheep_bm_13,,,,,,,,,,,
,80300,608,animal_04,sheep_bq_01,sheep_bq_02,sheep_bq_03,sheep_bq_04,sheep_bq_05,sheep_bq_06,sheep_bq_07,sheep_bq_08,sheep_bq_09,sheep_bq_10,sheep_bq_11,sheep_bq_12,sheep_bq_13,,,,,,,,,,,
,80300,609,animal_06,sheep_bn_01,sheep_bn_02,sheep_bn_03,sheep_bn_04,sheep_bn_05,sheep_bn_06,sheep_bn_07,sheep_bn_08,sheep_bn_09,sheep_bn_10,sheep_bn_11,sheep_bn_12,sheep_bn_13,,,,,,,,,,,
,80300,610,animal_06,sheep_bna_01,sheep_bna_02,sheep_bna_03,sheep_bna_04,sheep_bna_05,sheep_bna_06,sheep_bna_07,sheep_bna_08,sheep_bna_09,sheep_bna_10,sheep_bna_11,sheep_bna_12,sheep_bna_13,,,,,,,,,,,
,80300,611,animal_06,sheep_bnb_01,sheep_bnb_02,sheep_bnb_03,sheep_bnb_04,sheep_bnb_05,sheep_bnb_06,sheep_bnb_07,sheep_bnb_08,sheep_bnb_09,sheep_bnb_10,sheep_bnb_11,sheep_bnb_12,sheep_bnb_13,,,,,,,,,,,
,80300,612,animal_06,sheep_bo_01,sheep_bo_02,sheep_bo_03,sheep_bo_04,sheep_bo_05,sheep_bo_06,sheep_bo_07,sheep_bo_08,sheep_bo_09,sheep_bo_10,sheep_bo_11,sheep_bo_12,sheep_bo_13,,,,,,,,,,,
,80300,613,animal_06,sheep_bp_01,sheep_bp_02,sheep_bp_03,sheep_bp_04,sheep_bp_05,sheep_bp_06,sheep_bp_07,sheep_bp_08,sheep_bp_09,sheep_bp_10,sheep_bp_11,sheep_bp_12,sheep_bp_13,,,,,,,,,,,
,80300,614,animal_07,sheep_boa_01,sheep_boa_02,sheep_boa_03,sheep_boa_04,sheep_boa_05,sheep_boa_06,sheep_boa_07,sheep_boa_08,sheep_boa_09,sheep_boa_10,sheep_boa_11,sheep_boa_12,sheep_boa_13,,,,,,,,,,,
,80300,615,animal_07,sheep_bob_01,sheep_bob_02,sheep_bob_03,sheep_bob_04,sheep_bob_05,sheep_bob_06,sheep_bob_07,sheep_bob_08,sheep_bob_09,sheep_bob_10,sheep_bob_11,sheep_bob_12,sheep_bob_13,,,,,,,,,,,
,80300,616,animal_07,sheep_bpa_01,sheep_bpa_02,sheep_bpa_03,sheep_bpa_04,sheep_bpa_05,sheep_bpa_06,sheep_bpa_07,sheep_bpa_08,sheep_bpa_09,sheep_bpa_10,sheep_bpa_11,sheep_bpa_12,sheep_bpa_13,,,,,,,,,,,
,80300,617,animal_07,sheep_bpb_01,sheep_bpb_02,sheep_bpb_03,sheep_bpb_04,sheep_bpb_05,sheep_bpb_06,sheep_bpb_07,sheep_bpb_08,sheep_bpb_09,sheep_bpb_10,sheep_bpb_11,sheep_bpb_12,sheep_bpb_13,,,,,,,,,,,
//,,계절에 따른 가중치,,,,,,,,,,,,,,,,,,,,,,,,,
label(seasonconstant),syscode,what,spring,summer,autumn,winter,,,,,,,,,,,,,,,,,,,,,
,80400,wolf,10,1,10,1,,,,,,,,,,,,,,,,,,,,,
,80401,disease,5,10,7,0,,,,,,,,,,,,,,,,,,,,,
,80402,milkmakespeed,-1,0,-3,3,,,,,,,,,,,,,,,,,,,,,
//,,작물 정보,,,,,,,,,,,,,,,,,,,,,,,,,
label(cropframe),syscode,code,name,a1,a2,a3,a4,rot,,,,,,,,,,,,,,,,,,,
,80500,1,배추,cabbage_03,cabbage_02,cabbage_01,seed,badplants_01,,,,,,,,,,,,,,,,,,,
,80501,2,귀리,oats_03,oats_02,oats_01,seed,badplants_01,,,,,,,,,,,,,,,,,,,
,80502,3,옥수수,corn_03,corn_02,corn_01,seed,badplants_01,,,,,,,,,,,,,,,,,,,
,80503,4,호박,pumpkin_03,pumpkin_02,pumpkin_01,seed,badplants_01,,,,,,,,,,,,,,,,,,,
,80504,5,고구마,sweetpotato_03,sweetpotato_02,sweetpotato_01,seed,badplants_01,,,,,,,,,,,,,,,,,,,
,80505,6,회복제 나무,healingwood_c,healingwood_b,healingwood_a,seed,badplants_01,,,,,,,,,,,,,,,,,,,
,80506,7,촉진제 나무,speedwood_c,speedwood_b,speedwood_a,seed,badplants_01,,,,,,,,,,,,,,,,,,,
,80507,8,하트 나무,hearflower_03,hearflower_02,hearflower_01,seed,badplants_01,,,,,,,,,,,,,,,,,,,
,80508,9,큰박,bac_02,,bac_seed,bac_seed,badplants_01,,,,,,,,,,,,,,,,,,,
// 늑대 정보,,,이름,체력,달리기속도,명성도에따라 등장확률,,,,,,,,,,,,,,,,,,,,,
label(wolfinfo),syscode,grade,name,hp,speed,encounter,sprite,coin,iconname,,,,,,,,,,,,,,,,,,
,80600,0,기본 늑대,1,1,0,a,10,wolf_a_see01,,,,,,,,,,,,,,,,,,
,80601,1,튼튼한 늑대,2,2,10,b,20,wolf_b_see01,,,,,,,,,,,,,,,,,,
,80602,2,용맹한 늑대,3,3,15,c,30,wolf_c_see01,,,,,,,,,,,,,,,,,,
,80603,3,도둑 늑대,4,2,20,d,40,wolf_d_see02,,,,,,,,,,,,,,,,,,
,80604,4,마라톤 늑대,5,2,25,e,50,wolf_e_see03,,,,,,,,,,,,,,,,,,
label(enchant),syscode,enchantcode,g1,g2,g3,g4,g5,g6,desc,,,,,,,,,,,,,,,,,,
,90001,90001,2,4,6,8,10,15,신선도,,,,,,,,,,,,,,,,,,
,90002,90002,50,60,70,90,130,200,우유 추가,,,,,,,,,,,,,,,,,,
,90003,90003,25,40,55,70,85,100,피버드랍,,,,,,,,,,,,,,,,,,
,90004,90004,8,10,12,14,16,20,질병저항,,,,,,,,,,,,,,,,,,
,90005,90005,100,200,300,400,500,600,코인드랍,,,,,,,,,,,,,,,,,,
//교배정보,,,,,,,,,,,,,,,,,,,,,,,,,,,
//친구 보상,,,,,,,,,sp,,,,,,,,,,,,,,,,,,
label(friendreward),syscode,invitecnter,itemcode,itemvalue,desc,,,,,,,,,,,,,,,,,,,,,,
,100001,5,901,1,친구 초대 보상 건초 20개,,,,,,,,,,,,,,,,,,,,,,
,100002,10,5103,1,친구 초대 보상 코인 300만,,,,,,,,,,,,,,,,,,,,,,
,100003,15,5006,1,친구 초대 보상 캐시 15,,,,,,,,,,,,,,,,,,,,,,
,100004,20,1401,1,친구 초대 보상 액세서리 엔젤링,,,,,,,,,,,,,,,,,,,,,,
,100005,30,7,1,친구 초대 보상 소 꽃무늬 소,,,,,,,,,,,,,,,,,,,,,,
//연속 로그인 정보,,,,,,,,,,,,,,,,,,,,,,,,,,,
label(loginbonus),syscode,day,itemcode,itemvalue,desc,,,,,,,,,,,,,,,,,,,,,,
,110001,1,5111,1,로그인 보상 10 건초,,,,,,,,,,,,,,,,,,,,,,
,110002,2,5100,1,로그인 보상 20만 코인,,,,,,,,,,,,,,,,,,,,,,
,110003,3,5112,1,로그인 보상 30만 코인,,,,,,,,,,,,,,,,,,,,,,
,110004,4,5113,1,로그인 보상 50만 코인,,,,,,,,,,,,,,,,,,,,,,
,110005,5,5007,1,로그인 보상 5 캐시,,,,,,,,,,,,,,,,,,,,,,
//게임 추천 보상,,,,,,,,,,,,,,,,,,,,,,,,,,,
label(recommand),syscode,itemcode,itemvalue,desc,,,,,,,,,,,,,,,,,,,,,,,
,120000,5105,1,게임 추천 보상,,,,,,,,,,,,,,,,,,,,,,,
// 게임 액세서리 위치 정보,,,,,,,,,,,,,,,,,,,,,,,,,,,
label(accInfo),syscode,subcategory,equpslot,type,g1,g2,g3,g4,g5,g6,g7,g8,g9,g10,g11,g12,g13,,,,,,,,,,
,130000,소(1),머리(10),위치(1),-16.2@26.89@-1,-18.08@28.61@-1,-16.68@30.26@-1,-19.69@44.22@-1,-20.91@46.98@-1,-22.8@49.81@-1,-22.33@49.81@-1,-23.27@49.57@-1,-21.63@50.18@-1,-20.35@49.72@-1,-20.95@49.67@-1,-20.35@49@-1,-28.87@44.93@-1,,,,,,,,,,
,130001,소(1),머리(10),회전(2),0@0@0,0@0@0,0@0@0,0@0@0,0@0@0,0@0@0,0@0@0,0@0@0,0@0@0,0@0@0,0@0@0,0@0@0,0@0@23.91,,,,,,,,,,
,130002,소(1),머리(10),스케일(3),0.64@0.64@0.64,0.69@0.69@0.69,0.84@0.84@0.84,0.87@0.87@0.87,1@1@1,1@1@1,1@1@1,1@1@1,1@1@1,1@1@1,1@1@1,1@1@1,1@1@1,,,,,,,,,,
,130003,소(1),등(11),위치(1),15.01@20.48@-1,14.2@22.14@-1,18.3@27.91@-1,20.62@48.03@-1,21.93@50.26@-1,24.03@50.11@-1,22.18@52.88@-1,24.23@54.26@-1,23.44@61.17@-1,25.83@60.63@-1,20.38@62.9@-1,24.98@60.59@-1,23.74@69.14@-1,,,,,,,,,,
,130004,소(1),등(11),회전(2),0@0@0,0@0@0,0@0@0,0@0@0,0@0@0,0@0@0,0@0@0,0@0@0,0@0@0,0@0@0,0@0@0,0@0@0,0@0@0,,,,,,,,,,
,130005,소(1),등(11),스케일(3),0.9@0.9@0.9,1@1@1,1@1@1,1@1@1,1@1@1,1@1@1,1@1@1,1@1@1,1@1@1,1@1@1,1@1@1,1@1@1,1@1@1,,,,,,,,,,
,130006,소(1),옆구리(12),위치(1),7.32@21.57@-1,7.03@22.75@-1,12.04@26.38@-1,18.18@36.59@-1,16.74@39.89@-1,20.21@41.11@-1,20.96@42.81@-1,19.65@41.6@-1,25.11@47.29@-1,22.32@51.17@-1,22.66@49.02@-1,25.89@47.63@-1,23.74@49.32@-1,,,,,,,,,,
,130007,소(1),옆구리(12),회전(2),0@0@0,0@0@0,0@0@0,0@0@0,0@0@0,0@0@0,0@0@0,0@0@0,0@0@0,0@0@0,0@0@0,0@0@0,0@0@0,,,,,,,,,,
,130008,소(1),옆구리(12),스케일(3),0.9@0.9@0.9,1@1@1,1@1@1,1@1@1,1@1@1,1@1@1,1@1@1,1@1@1,1@1@1,1@1@1,1@1@1,1@1@1,1@1@1,,,,,,,,,,
//,,,,,,,,,,,,,,,,,,,,,,,,,,,
,130009,양(2),머리(10),위치(1),-18.83@9.92@-1,-19.73@12.73@-1,-21.19@25.7@-1,-21.49@43.57@-1,-22.45@44.9@-1,-24.32@46.53@-1,-24.89@47.17@-1,-24.22@47.66@-1,-24.53@49.2@-1,-25.43@47.08@-1,-27.17@46.24@-1,-24.79@47.34@-1,-28.64@37.37@-1,,,,,,,,,,
,130010,양(2),머리(10),회전(2),0@0@0,0@0@0,0@0@0,0@0@0,0@0@0,0@0@0,0@0@0,0@0@0,0@0@0,0@0@0,0@0@0,0@0@0,0@0@29.47,,,,,,,,,,
,130011,양(2),머리(10),스케일(3),0.9@0.9@0.9,1@1@1,1@1@1,1@1@1,1@1@1,1@1@1,1@1@1,1@1@1,1@1@1,1@1@1,1@1@1,1@1@1,1@1@1,,,,,,,,,,
,130012,양(2),등(11),위치(1),11.02@16.06@-1,15.41@20.34@-1,16.21@32.12@-1,21.95@41.66@-1,20.69@42.81@-1,24.03@44.06@-1,24.98@46.36@-1,24.24@49.76@-1,25.78@56.2@-1,25.83@54.73@-1,23.18@55.6@-1,24.99@55.47@-1,17.06@72.56@-1,,,,,,,,,,
,130013,양(2),등(11),회전(2),0@0@0,0@0@0,0@0@0,0@0@0,0@0@0,0@0@0,0@0@0,0@0@0,0@0@0,0@0@0,0@0@0,0@0@0,0@0@0,,,,,,,,,,
,130014,양(2),등(11),스케일(3),1@1@1,1@1@1,1@1@1,1@1@1,1@1@1,1@1@1,1@1@1,1@1@1,1@1@1,1@1@1,1@1@1,1@1@1,1@1@1,,,,,,,,,,
,130015,양(2),옆구리(12),위치(1),12.06@15.4@-1,13.94@15.27@-1,14.29@21.54@-1,15.28@30.89@-1,16.74@37.75@-1,19.29@38.06@-1,22.02@42.5@-1,21.47@41.6@-1,22.36@42.86@-1,20.94@43.54@-1,21.28@40.48@-1,20.55@42.75@-1,20.29@52.19@-1,,,,,,,,,,
,130016,양(2),옆구리(12),회전(2),0@0@0,0@0@0,0@0@0,0@0@0,0@0@0,0@0@0,0@0@0,0@0@0,0@0@0,0@0@0,0@0@0,0@0@0,0@0@24.65,,,,,,,,,,
,130017,양(2),옆구리(12),스케일(3),0.9@0.9@0.9,1@1@1,1@1@1,1@1@1,1@1@1,1@1@1,1@1@1,1@1@1,1@1@1,1@1@1,1@1@1,1@1@1,1@1@1,,,,,,,,,,
//,,,,,,,,,,,,,,,,,,,,,,,,,,,
,130018,산양(3),머리(10),위치(1),-14.62@19.34@-1,-17.89@20.14@-1,-18.84@32.27@-1,-20.29@41.74@-1,-22.45@44.9@-1,-24.32@46.53@-1,-24.89@47.17@-1,-24.22@47.66@-1,-22.84@45.82@-1,-23.45@47.08@-1,-22.94@46.52@-1,-22.53@45.65@-1,-25.97@37.37@-1,,,,,,,,,,
,130019,산양(3),머리(10),회전(2),0@0@0,0@0@0,0@0@0,0@0@0,0@0@0,0@0@0,0@0@0,0@0@0,0@0@0,0@0@0,0@0@0,0@0@0,0@0@29.47,,,,,,,,,,
,130020,산양(3),머리(10),스케일(3),0.9@0.9@0.9,1@1@1,1@1@1,1@1@1,1@1@1,1@1@1,1@1@1,1@1@1,1@1@1,1@1@1,1@1@1,1@1@1,1@1@1,,,,,,,,,,
,130021,산양(3),등(11),위치(1),14.03@18.6@-1,15.09@26.07@-1,17.07@33.59@-1,18.54@39.81@-1,20.86@42.8@-1,22.65@44.05@-1,27.95@48.68@-1,26.95@50.34@-1,23.47@55.57@-1,26@54.88@-1,24.6@55.59@-1,23.76@55.65@-1,18.94@68.98@-1,,,,,,,,,,
,130022,산양(3),등(11),회전(2),0@0@0,0@0@0,0@0@0,0@0@0,0@0@0,0@0@0,0@0@0,0@0@0,0@0@0,0@0@0,0@0@0,0@0@0,0@0@0,,,,,,,,,,
,130023,산양(3),등(11),스케일(3),1@1@1,1@1@1,1@1@1,1@1@1,1@1@1,1@1@1,1@1@1,1@1@1,1@1@1,1@1@1,1@1@1,1@1@1,1@1@1,,,,,,,,,,
,130024,산양(3),옆구리(12),위치(1),11.16@19.78@-1,11.6@21.15@-1,12.95@26.36@-1,15.28@33.69@-1,16.74@37.75@-1,19.29@38.06@-1,22.02@42.5@-1,21.47@41.6@-1,22.36@42.86@-1,20.94@43.54@-1,21.28@40.48@-1,20.55@42.75@-1,20.69@51.3@-1,,,,,,,,,,
,130025,산양(3),옆구리(12),회전(2),0@0@0,0@0@0,0@0@0,0@0@0,0@0@0,0@0@0,0@0@0,0@0@0,0@0@0,0@0@0,0@0@0,0@0@0,0@0@24.65,,,,,,,,,,
,130026,산양(3),옆구리(12),스케일(3),0.9@0.9@0.9,1@1@1,1@1@1,1@1@1,1@1@1,1@1@1,1@1@1,1@1@1,1@1@1,1@1@1,1@1@1,1@1@1,1@1@1,,,,,,,,,,
// 시스템 정보,,,,,,,,,,,,,,,,,,,,,,,,,,,
label(sysinfo),syscode,id,value,,,,,,,,,,,,,,,,,,,,,,,,
,140002,3,100,,,,,,,,,,,,,,,,,,,,,,,,
,140003,4,3,,,,,,,,,,,,,,,,,,,,,,,,
,140004,5,20,,,,,,,,,,,,,,,,,,,,,,,,
,140005,100,999,,,,,,,,,,,,,,,,,,,,,,,,
,140006,200,1,,,,,,,,,,,,,,,,,,,,,,,,
,140010,400,5,,,,,,,,,,,,,,,,,,,,,,,,
,140011,500,6,,,,,,,,,,,,,,,,,,,,,,,,
,140012,600,3,,,,,,,,,,,,,,,,,,,,,,,,
// 초과 보상 정보 - 실제 보상,,,,,,,,,,,,,,,,,,,,,,,,,,,
//,,,,,,,,,,,,,,,,,,,,,,,,,,,
label(overdealbonusinfo),rewardcode,a1,a2,a3,a4,a5,a6,a7,a8,a9,a10,a11,a12,a13,a14,,,,,,,,,,,,
,5119,1500,800,0,0,0,0,0,0,0,0,0,0,0,0,,,,,,,,,,,,
,5101,900,1200,1200,0,0,0,0,0,0,0,0,0,0,0,,,,,,,,,,,,
,5111,650,900,875,1200,0,0,0,0,0,0,0,0,0,0,,,,,,,,,,,,
,5102,0,0,625,950,1200,0,0,0,0,0,0,0,0,0,,,,,,,,,,,,
,5121,0,0,0,750,950,1200,1200,0,0,0,0,0,0,0,,,,,,,,,,,,
,5103,0,0,0,0,790,950,950,0,0,0,0,0,0,0,,,,,,,,,,,,
,5113,0,0,0,0,0,750,750,2300,2203,2000,1800,1800,1800,1800,,,,,,,,,,,,
,5104,0,0,0,0,0,0,0,650,700,700,800,800,800,800,,,,,,,,,,,,
,5123,0,0,0,0,0,0,0,200,200,289,364,364,364,364,,,,,,,,,,,,
,5124,0,0,0,0,0,0,0,0,0,5,5,5,5,5,,,,,,,,,,,,
,5128,0,0,0,0,0,0,0,0,0,0,0,0,0,0,,,,,,,,,,,,
,2011,1750,1700,1500,1500,0,0,0,0,0,0,0,0,0,0,,,,,,,,,,,,
,2012,750,750,1000,900,1500,1500,1500,0,0,0,0,0,0,0,,,,,,,,,,,,
,2005,0,0,0,250,900,700,700,0,0,0,0,0,0,0,,,,,,,,,,,,
,2013,0,0,0,0,300,400,400,2104,2000,1800,1700,1700,1700,1700,,,,,,,,,,,,
,2014,0,0,0,0,0,255,250,500,500,500,600,600,600,600,,,,,,,,,,,,
,2015,0,0,0,0,0,0,0,100,150,200,200,200,200,200,,,,,,,,,,,,
,2000,0,0,0,0,0,0,0,0,0,5,5,5,5,5,,,,,,,,,,,,
,1400,60,40,40,0,0,0,0,5,5,5,5,5,5,5,,,,,,,,,,,,
,1401,60,40,40,0,0,0,0,5,5,5,5,5,5,5,,,,,,,,,,,,
,1402,60,40,40,0,0,0,0,5,5,5,5,5,5,5,,,,,,,,,,,,
,1403,0,20,20,25,25,0,0,5,5,5,5,5,5,5,,,,,,,,,,,,
,1404,0,20,20,25,25,0,0,5,5,5,5,5,5,5,,,,,,,,,,,,
,1405,0,20,20,25,25,0,0,5,5,5,5,5,5,5,,,,,,,,,,,,
,1406,0,0,0,10,10,15,15,15,15,15,15,15,15,15,,,,,,,,,,,,
,1407,0,0,0,10,10,15,15,15,15,15,15,15,15,15,,,,,,,,,,,,
,1408,0,0,0,10,10,15,15,15,15,15,15,15,15,15,,,,,,,,,,,,
,1409,0,0,0,0,0,5,5,10,10,10,10,10,10,10,,,,,,,,,,,,
,1410,0,0,0,0,0,5,5,5,5,5,5,5,5,5,,,,,,,,,,,,
,1411,0,0,0,0,0,5,5,5,5,5,5,5,5,5,,,,,,,,,,,,
,1450,60,40,40,0,0,0,0,5,5,5,5,5,5,5,,,,,,,,,,,,
,1451,60,40,40,0,0,0,0,5,5,5,5,5,5,5,,,,,,,,,,,,
,1452,60,40,40,0,0,0,0,5,5,5,5,5,5,5,,,,,,,,,,,,
,1453,0,20,20,25,25,0,0,5,5,5,5,5,5,5,,,,,,,,,,,,
,1454,0,20,20,25,25,0,0,5,5,5,5,5,5,5,,,,,,,,,,,,
,1455,0,20,20,25,25,0,0,5,5,5,5,5,5,5,,,,,,,,,,,,
,1456,0,0,0,10,10,15,15,15,15,15,15,15,15,15,,,,,,,,,,,,
,1457,0,0,0,10,10,15,15,15,15,15,15,15,15,15,,,,,,,,,,,,
,1458,0,0,0,10,10,15,15,15,15,15,15,15,15,15,,,,,,,,,,,,
,1459,0,0,0,0,0,5,5,5,5,5,5,5,5,5,,,,,,,,,,,,
,1460,0,0,0,0,0,5,5,5,5,5,5,5,5,5,,,,,,,,,,,,
,1461,0,0,0,0,0,5,5,5,5,5,5,5,5,5,,,,,,,,,,,,
,2200,200,200,200,200,200,200,200,250,250,250,250,250,250,250,,,,,,,,,,,,
,2201,0,0,0,0,0,0,0,50,50,50,50,50,50,50,,,,,,,,,,,,
,2100,150,150,150,150,150,150,150,150,150,150,150,150,150,150,,,,,,,,,,,,
,1200,100,100,100,100,100,100,100,100,100,100,100,100,100,100,,,,,,,,,,,,
,1201,0,0,0,0,0,0,0,25,25,25,25,25,25,25,,,,,,,,,,,,
,1100,400,200,150,70,0,0,0,0,0,0,0,0,0,0,,,,,,,,,,,,
,1101,300,400,400,222,300,300,300,0,0,0,0,0,0,0,,,,,,,,,,,,
,1102,0,150,250,222,250,230,230,240,240,230,230,230,230,230,,,,,,,,,,,,
,1103,0,0,0,222,222,222,230,200,200,200,200,200,200,200,,,,,,,,,,,,
,1104,0,0,0,0,0,0,0,10,10,20,20,20,20,20,,,,,,,,,,,,
,1000,400,200,175,0,0,0,0,0,0,0,0,0,0,0,,,,,,,,,,,,
,1001,300,400,400,450,420,490,490,500,500,500,500,500,500,500,,,,,,,,,,,,
,1002,0,150,200,280,280,210,210,300,300,300,300,300,300,300,,,,,,,,,,,,
,1003,0,0,0,0,0,0,0,0,0,50,50,50,50,50,,,,,,,,,,,,
,800,400,200,175,0,0,0,0,0,0,0,0,0,0,0,,,,,,,,,,,,
,801,300,400,400,450,420,490,490,500,500,500,500,500,500,500,,,,,,,,,,,,
,802,0,150,200,280,280,210,210,300,300,300,300,300,300,300,,,,,,,,,,,,
,803,0,0,0,0,0,0,0,0,0,50,50,50,50,50,,,,,,,,,,,,
,700,400,200,175,0,0,0,0,0,0,0,0,0,0,0,,,,,,,,,,,,
,701,300,400,400,450,420,490,490,400,400,400,400,400,400,400,,,,,,,,,,,,
,702,0,150,200,280,280,210,216,200,260,300,300,300,300,300,,,,,,,,,,,,
,703,0,0,0,0,0,0,0,0,0,25,50,50,50,50,,,,,,,,,,,,
,905,320,0,0,0,0,0,0,0,0,0,0,0,0,0,,,,,,,,,,,,
,900,400,600,600,600,600,600,600,0,0,0,0,0,0,0,,,,,,,,,,,,
,908,0,0,0,0,0,0,0,300,300,300,300,300,300,300,,,,,,,,,,,,
,910,0,0,0,0,0,0,0,200,200,200,200,200,200,200,,,,,,,,,,,,
,913,0,0,0,0,0,0,0,5,15,50,50,50,50,50,,,,,,,,,,,,
,1,60,0,0,0,0,0,0,0,0,0,0,0,0,0,,,,,,,,,,,,
,2,40,0,0,0,0,0,0,0,0,0,0,0,0,0,,,,,,,,,,,,
,3,20,80,0,0,0,0,0,0,0,0,0,0,0,0,,,,,,,,,,,,
,4,0,40,0,0,0,0,0,0,0,0,0,0,0,0,,,,,,,,,,,,
,5,0,15,0,0,0,0,0,0,0,0,0,0,0,0,,,,,,,,,,,,
,6,0,0,80,0,0,0,0,0,0,0,0,0,0,0,,,,,,,,,,,,
,7,0,5,40,0,0,0,0,0,0,0,0,0,0,0,,,,,,,,,,,,
,8,0,0,15,0,0,0,0,0,0,0,0,0,0,0,,,,,,,,,,,,
,9,0,0,0,80,0,0,0,5,5,5,5,5,5,5,,,,,,,,,,,,
,10,0,0,0,40,80,0,0,5,5,5,5,5,5,5,,,,,,,,,,,,
,11,0,0,0,15,20,80,80,80,90,100,100,100,100,100,,,,,,,,,,,,
,12,0,0,0,0,3,10,10,10,10,20,20,20,20,20,,,,,,,,,,,,
,13,0,0,0,0,0,3,3,3,4,5,5,5,5,5,,,,,,,,,,,,
,100,0,0,0,0,0,0,0,0,0,0,0,0,0,0,,,,,,,,,,,,
,101,0,60,0,0,0,0,0,0,0,0,0,0,0,0,,,,,,,,,,,,
,102,0,30,60,0,0,0,0,0,0,0,0,0,0,0,,,,,,,,,,,,
,103,0,10,0,0,0,0,0,0,0,0,0,0,0,0,,,,,,,,,,,,
,104,0,0,20,0,0,0,0,0,0,0,0,0,0,0,,,,,,,,,,,,
,105,0,0,0,0,0,0,0,5,5,5,5,5,5,5,,,,,,,,,,,,
,106,0,0,0,60,60,0,0,5,5,5,5,5,5,5,,,,,,,,,,,,
,107,0,0,0,20,20,60,60,60,70,80,80,80,80,80,,,,,,,,,,,,
,108,0,0,0,0,0,10,10,10,10,20,20,20,20,20,,,,,,,,,,,,
,200,0,0,40,0,0,0,0,0,0,0,0,0,0,0,,,,,,,,,,,,
,202,0,0,10,0,0,0,0,0,0,0,0,0,0,0,,,,,,,,,,,,
,203,0,0,0,32,0,0,0,0,0,0,0,0,0,0,,,,,,,,,,,,
,204,0,0,0,15,40,0,0,1,1,1,1,1,1,1,,,,,,,,,,,,
,205,0,0,0,2,5,40,0,5,5,5,5,5,5,5,,,,,,,,,,,,
,206,0,0,0,0,0,10,40,40,50,60,60,60,60,60,,,,,,,,,,,,
,209,0,0,0,0,0,0,1,2,2,5,5,5,5,5,,,,,,,,,,,,
// 초과 보상 정보 - 실제 보상,,,,,,,,,,,,,,,,,,,,,,,,,,,
//,,,,,,,,,,,,,,,,,,,,,,,,,,,
label(bonuscard_slgd),rewardcode,silver_0,silver_1,silver_2,silver_3,silver_4,silver_5,silver_6,gold_0,gold_1,gold_2,gold_3,gold_4,gold_5,gold_6,gold_7,,,,,,,,,,,
,5104,1250,1250,1250,1250,1250,1250,1250,0,0,0,0,0,0,0,0,,,,,,,,,,,
,5123,875,875,875,875,875,875,875,1980,1876,1950,1910,1910,1910,1910,0,,,,,,,,,,,
,5124,145,145,145,145,145,145,145,256,300,365,400,400,400,400,0,,,,,,,,,,,
,5128,25,25,25,25,25,25,25,0,5,10,10,10,10,10,0,,,,,,,,,,,
,2013,1050,1050,1050,1050,1050,1050,1050,0,0,0,0,0,0,0,0,,,,,,,,,,,
,2014,875,875,875,875,875,875,875,1750,1750,1550,1550,1550,1550,1550,0,,,,,,,,,,,
,2015,50,50,50,50,50,50,50,250,300,350,350,350,350,350,0,,,,,,,,,,,
,2000,25,25,25,25,25,25,25,10,15,20,25,25,25,25,0,,,,,,,,,,,
,1400,50,50,50,50,50,50,50,50,50,50,50,50,50,50,0,,,,,,,,,,,
,1401,50,50,50,50,50,50,50,50,50,50,50,50,50,50,0,,,,,,,,,,,
,1402,50,50,50,50,50,50,50,50,50,50,50,50,50,50,0,,,,,,,,,,,
,1403,50,50,50,50,50,50,50,50,50,50,50,50,50,50,0,,,,,,,,,,,
,1404,50,50,50,50,50,50,50,50,50,50,50,50,50,50,0,,,,,,,,,,,
,1405,25,25,25,25,25,25,25,25,25,25,25,25,25,25,0,,,,,,,,,,,
,1406,25,25,25,25,25,25,25,25,25,25,25,25,25,25,0,,,,,,,,,,,
,1407,25,25,25,25,25,25,25,25,25,25,25,25,25,25,0,,,,,,,,,,,
,1408,20,20,20,20,20,20,20,20,20,20,20,20,20,20,0,,,,,,,,,,,
,1409,20,20,20,20,20,20,20,20,20,20,20,20,20,20,0,,,,,,,,,,,
,1410,20,20,20,20,20,20,20,20,20,20,20,20,20,20,0,,,,,,,,,,,
,1411,15,15,15,15,15,15,15,15,15,15,15,15,15,15,0,,,,,,,,,,,
,1450,50,50,50,50,50,50,50,50,50,50,50,50,50,50,0,,,,,,,,,,,
,1451,50,50,50,50,50,50,50,50,50,50,50,50,50,50,0,,,,,,,,,,,
,1452,50,50,50,50,50,50,50,50,50,50,50,50,50,50,0,,,,,,,,,,,
,1453,50,50,50,50,50,50,50,50,50,50,50,50,50,50,0,,,,,,,,,,,
,1454,50,50,50,50,50,50,50,50,50,50,50,50,50,50,0,,,,,,,,,,,
,1455,25,25,25,25,25,25,25,25,25,25,25,25,25,25,0,,,,,,,,,,,
,1456,25,25,25,25,25,25,25,25,25,25,25,25,25,25,0,,,,,,,,,,,
,1457,25,25,25,25,25,25,25,25,25,25,25,25,25,25,0,,,,,,,,,,,
,1458,20,20,20,20,20,20,20,20,20,20,20,20,20,20,0,,,,,,,,,,,
,1459,20,20,20,20,20,20,20,20,20,20,20,20,20,20,0,,,,,,,,,,,
,1460,20,20,20,20,20,20,20,20,20,20,20,20,20,20,0,,,,,,,,,,,
,1461,15,15,15,15,15,15,15,15,15,15,15,15,15,15,0,,,,,,,,,,,
,2200,200,200,200,200,200,200,200,220,210,200,190,190,190,190,0,,,,,,,,,,,
,2201,100,100,100,100,100,100,100,80,90,100,110,110,110,110,0,,,,,,,,,,,
,2100,100,100,100,100,100,100,100,100,100,100,100,100,100,100,0,,,,,,,,,,,
,1200,100,100,100,100,100,100,100,100,100,100,100,100,100,100,0,,,,,,,,,,,
,1201,50,50,50,50,50,50,50,50,50,50,50,50,50,50,0,,,,,,,,,,,
,1102,300,300,300,300,300,300,300,300,300,300,300,300,300,300,0,,,,,,,,,,,
,1103,150,150,150,150,150,150,150,150,150,150,150,150,150,150,0,,,,,,,,,,,
,1104,50,50,50,50,50,50,50,50,50,50,50,50,50,50,0,,,,,,,,,,,
,1001,300,300,300,300,300,300,300,300,300,300,300,300,300,300,0,,,,,,,,,,,
,1002,150,150,150,150,150,150,150,150,150,150,150,150,150,150,0,,,,,,,,,,,
,1003,50,50,50,50,50,50,50,50,50,50,50,50,50,50,0,,,,,,,,,,,
,801,300,300,300,300,300,300,300,300,300,300,300,300,300,300,0,,,,,,,,,,,
,802,150,150,150,150,150,150,150,150,150,150,150,150,150,150,0,,,,,,,,,,,
,803,50,50,50,50,50,50,50,50,50,50,50,50,50,50,0,,,,,,,,,,,
,701,300,300,300,300,300,300,300,300,300,300,300,300,300,300,0,,,,,,,,,,,
,702,150,150,150,150,150,150,150,150,150,150,150,150,150,150,0,,,,,,,,,,,
,703,50,50,50,50,50,50,50,50,50,50,50,50,50,50,0,,,,,,,,,,,
,908,1000,1000,1000,1000,1000,1000,1000,0,0,0,0,0,0,0,0,,,,,,,,,,,
,910,750,750,750,750,750,750,750,1000,1000,1000,1000,1000,1000,1000,0,,,,,,,,,,,
,911,0,0,0,0,0,0,0,500,500,500,500,500,500,500,0,,,,,,,,,,,
,912,0,0,0,0,0,0,0,300,300,300,300,300,300,300,0,,,,,,,,,,,
,913,250,250,250,250,250,250,250,250,250,250,250,250,250,250,0,,,,,,,,,,,
,8,5,5,5,5,5,5,5,5,5,5,5,5,5,5,0,,,,,,,,,,,
,9,5,5,5,5,5,5,5,5,5,5,5,5,5,5,0,,,,,,,,,,,
,10,100,100,100,100,100,100,100,100,100,100,100,100,100,100,0,,,,,,,,,,,
,11,30,30,30,30,30,30,30,30,30,30,30,30,30,30,0,,,,,,,,,,,
,12,10,10,10,10,10,10,10,10,10,10,10,10,10,10,100,,,,,,,,,,,
,13,5,5,5,5,5,5,5,5,5,5,5,5,5,5,0,,,,,,,,,,,
,103,5,5,2,2,2,2,2,5,5,2,2,2,2,2,0,,,,,,,,,,,
,104,5,5,5,5,5,5,5,5,5,5,5,5,5,5,0,,,,,,,,,,,
,105,5,5,5,5,5,5,5,5,5,5,5,5,5,5,0,,,,,,,,,,,
,106,10,10,10,10,10,10,10,10,10,10,10,10,10,10,0,,,,,,,,,,,
,107,50,50,50,50,50,50,50,50,50,50,50,50,50,50,0,,,,,,,,,,,
,108,20,20,20,20,20,20,20,20,20,20,20,20,20,20,0,,,,,,,,,,,
,109,5,5,5,5,5,5,5,5,5,5,5,5,5,5,0,,,,,,,,,,,
,110,0,0,2,2,2,2,2,0,0,2,2,2,2,2,0,,,,,,,,,,,
,111,0,0,1,1,1,1,1,0,0,1,1,1,1,1,0,,,,,,,,,,,
,203,5,5,7,7,7,7,7,5,5,7,7,7,7,7,0,,,,,,,,,,,
,204,10,10,5,5,10,10,10,10,10,5,5,5,5,5,0,,,,,,,,,,,
,205,50,50,50,50,50,50,50,50,50,50,50,50,50,50,0,,,,,,,,,,,
,206,20,20,20,20,20,20,20,20,20,20,20,20,20,20,0,,,,,,,,,,,
,207,5,5,5,5,5,5,5,5,5,5,5,5,5,5,0,,,,,,,,,,,
,208,5,5,5,5,5,5,5,5,5,5,5,5,5,5,0,,,,,,,,,,,
,209,4,4,5,5,1,1,1,4,4,5,5,5,5,5,0,,,,,,,,,,,
,210,1,1,2,2,1,1,1,0,0,2,2,2,2,2,0,,,,,,,,,,,
,211,0,0,1,1,1,1,1,0,0,1,1,1,1,1,0,,,,,,,,,,,
// 경쟁 목장 대사,,,보상 등장 멘트,,,,,,,,,,,,,,,,,,,,,,,,
label(rival),talkcode,title,complete,talkcnt,talk1,talk2,talk3,talk4,,,,,,,,,,,,,,,,,,,
,1,첫 걸음,우유를 모으는데 성공했군요. 생각보다 우유 모으는 솜씨는 어느 정도 있는 것 같습니다.,4,흠` 여기가 이번에 새로운 주인이 왔다는 짜요 목장입니까?,난 짜요 목장 건너편의 Smart and Genius 목장 그룹의 대표 `폴`이라고 합니다.,그나저나 한동안 짜요 목장에 주인이 없었다더니` 목장 꼴이 말이 아니군요.,일단 얼마나 우유를 잘 모으는지 보도록 하죠. 얼마나 해낼 수 있는지 평가를 한후 이야기 하도록 하겠습니다.,,,,,,,,,,,,,,,,,,,
,2,많을수록 좋아요,가축을 배치하는데 성공 하셨습니까? 가축이 늘어나니 어떤 장점이 있는지 아시면 좋겠군요. 참` 잊지 말고 우편함을 확인하시기 바랍니다.,3,나름 열심히 하려는 모습은 보이는것 같군요.,질문 하나 드리도록 하죠. 목장의 우유 생산량을 늘리면 어떻게해야 하는지 알고 계십니까?,...뭘 멀뚱멀뚱 보고 있습니까? 당연히 가축을 더 많이 배치해야 하겠죠. 어떻게 해서든 새로운 가축을 목장에 추가해 보십시오.,null,,,,,,,,,,,,,,,,,,,
,3,멋쟁이 가축들,새로운 가축을 얻으셨군요. 어떻습니까` 새로운 가축을 얻으신 소감이?,3,혹시 [ffcc00]프리미엄 교배 티켓[ffffff]을 가지고 계십니까? 제 기억으로는 아마 한장 정도는 가지고 계실텐데 말이죠.,프리미엄 교배를 통하면 평소에는 구하기 어려운 가축을 훨씬 쉽게 구할 수 있습니다.,프리미엄 교배권이 있다면` 어디 한번 새로운 가축을 얻는데 시도해 보시죠.,null,,,,,,,,,,,,,,,,,,,
,4,시설 향상하기 1,착유기를 향상 시키셨군요. 예전의 그 누더기 같던 착유기를 드디어 안보게 되었군요. 다행입니다.,3,처음보다 목장 꼴이 좋아지긴 했지만 여전히 같은 지역에 목장이라는게 부끄러운 수준입니다.,착유기는 어디 과거에서 들고 온것 같이 생겼군요. 새로운 [ffcc00]착유기로 업그레이드[ffffff] 하고 생산력을 좀 올려보는게 어떻겠습니까?,더불어 말씀드리자면 [ffcc00]업그레이드[ffffff]는 [ffcc00]좌측 하단의 메뉴[ffffff]에서 [ffcc00]업그레이드 항목[ffffff]으로 들어가면 진행 할 수 있습니다.,null,,,,,,,,,,,,,,,,,,,
,5,건초 수확 1,건초를 어느 정도 생산하시는데 성공했군요. 건초가 부족하다는 것은 곧 우유를 얻을 수 없다는 말과 같으니 명심하십시오.,3,시설쪽은 어느 정도 해결이 된것 같긴 하지만 아직 목장이라고 부르기에는 많이 부끄러운 상태입니다.,소들에게 [ffcc00]먹이[ffffff]를 주지 않으면 [ffcc00]우유를 만들어 내지 않는다[ffffff]는 사실 쯤은 알고 계실거라 믿겠습니다.,그런 의미에서 [ffcc00]경작지[ffffff]에서 건초를 충분히 비축한다면 다음에 다시 이야기하도록 하겠습니다.,null,,,,,,,,,,,,,,,,,,,
,6,시설 향상하기 2,우유 탱크 업그레이드를 하셨습니까? 시설이 향상되니 좀 편해진 것이 느껴지십니까?,3,초보자도 알만한 상식으로` 착유기가 성능이 좋아지면 함께 올려야 할 것이 있습니다.,바로 [ffcc00]우유 탱크[ffffff]죠. 우유를 많이 모을려면 당연히 많은 우유를 모을수 있는 큰 저장고가 필요합니다.,설마 업그레이드를 어떻게 했는지 벌써 까먹으신건 아니겠죠?,null,,,,,,,,,,,,,,,,,,,
,7,품종 개량 1,흠. 교배에 성공하신 모양이군요. 지속적인 교배만이 좋은 가축을 얻는 지름길이라는 것을 기억해두십시오. 참고로 교배로 얻은 가축은 우편함에서 확인 가능합니다.,3,그나저나 꽤나 시간이 흘렀는데 언제까지 이런 젖소들로 목장을 유지할 겁니까?,친구의 소와 [ffcc00]교배[ffffff]를 진행하면 좋은 가축을 얻을 수 있다는 기본 상식은 알고 있을거라 믿겠습니다.,우리 Smart and Genius 목장에서는 최근 각광받는 산양젖을 생산하고 있으니 짜요목장도 뭐 언젠가 그렇게 되길 빌겠습니다.,null,,,,,,,,,,,,,,,,,,,
,8,늑대 사냥,늑대를 잡으셨습니까? 잘 됐군요. 들리는 소문에는 늑대들이 납치한 소들로 치즈를 만드려 잔혹하게 혹사시키고 있다고 합니다.,3,그러고 보니 언제 [ffcc00]늑대[ffffff]를 본적이 있습니까?,이 주변에서 늑대로 인한 피해가 상당하다고 합니 소 잃어버리고 총알 채우지 말고 항상 준비 잘 해두시기 바랍니다.,아무튼 늑대는 [ffcc00]보이는 족족 쏴서[ffffff] 쫓아버리는 걸 잊지 마십시오. 항상 [ffcc00]총알을 넉넉히 사두는 것[ffffff]도 잊지 말고 말이죠.,null,,,,,,,,,,,,,,,,,,,
,9,아이템의 사용법,아이템을 사용해 보셨습니까? 좋은 아이템은 그만큼 좋은 효과가 있다는 것을 잊지 마십시오. 보상을 우편함에서 확인 하는 것도 잊지 마시구요.,3,가만.. 짜요 목장에서 지금까지 [ffcc00]아이템[ffffff]을 제대로 써본적이 있긴 합니까?,뭐 있다면 상관 없겠지만` 생각해보십시오. 목장은 우유로 돈을 버는 게 당연한 거 아니겠습니까?,그럴려면 돈 아껴서 우유를 짤 생각 하지 말고 아이템을 투자해 우유를 많이 짤 생각을 하시기 바랍니다.,null,,,,,,,,,,,,,,,,,,,
,10,도와줘요!,긴급지원을 써보신겁니까? 어때요` 긴급 지원을 받으니 아주 편안하지 않습니까?,3,그나저나 우유를 힘들게 짜는 모습을 보아하니 열심히 일하는 우리 Smart and Genius목장의 알바들을 보는 기분이군요.,알고 있나 모르겠지만 이 지역 목장에는 상인 조합에서 일정 금액을 받고 우유를 짜주는 긴급 서비스를 제공하고 있습니다.,전문 알바들로 구성된 긴급도움 지원은 누구나 사용할 수 있으니 끙끙거리지 말고 필요할때면 사용해보시기 바랍니다.,null,,,,,,,,,,,,,,,,,,,
,11,텃밭 가꾸기,경작지 확장을 해보신 모양이군요. 경작지가 필요하다면 아끼지 말고 과감하게 투자하여 확장하시기 바랍니다.,3,기초적인 질문을 하나 해보겠습니다. 가축들이 많아지면 어떻게 될까요?,바로 [ffcc00]건초의 소모량이 증가[ffffff]한다는게 정답입니다. 뭐 우유를 많이 생산한다... 이런 뻔한 답변을 생각하신건 아니겠죠?,어떻게 해야 경작지에서 한번에 더 많은 건초를 얻을 수 있을지 한번 생각해보시기 바랍니다.,null,,,,,,,,,,,,,,,,,,,
,12,건초 수확 3,건초 생산에 성공하신 모양이군요. 쉬지 말고 건초를 생산하세요. 그래야 다른 목장들을 조금이라도 따라잡지 않겠습니까?,3,우리 Smart and Genius 목장에서는 최고급 인력이 방대한 경작지에서 유기농으로 재배한 고급 사료를 생산하고 있습니다.,짜요 목장도 언젠가는 이런 Smart and Genius목장의 위대한 면을 본받아서 좋은 목장으로 발전할 날이 올 겁니다.,그러기 위해서는 일단 건초부터 열심히 수확해야 하지 않겠습니까?,null,,,,,,,,,,,,,,,,,,,
,13,새집으로 이사,집이 바뀌었군요. 그나마 좀 나아졌군요. 예전의 그 집보다는...,3,가축들에게 줄 건초 수량이 꽤나 만만치 않을텐데... 건초 보관량은 얼마 안된다고 불평하고 있지는 않습니까?,좌측 상단에서 선택가능한 [ffcc00]내 집[ffffff] 메뉴에서 집을 향상 시키게 되면 [ffcc00]건초 보관량이 증가[ffffff]됩니다.,게다가 집을 업그레이드하게 되면 더 멋진 집으로 바뀌게 되니 당연히 바꿔야 하는게 정상이죠.,null,,,,,,,,,,,,,,,,,,,
,14,유명 목장의 첫 걸음,명성도가 좀 올랐군요. 명성도가 높아져야 더 많은 시설을 추가하고` 더 좋은 가축을 얻을 수 있으니 명심하십시오.,3,뭐 나름 목장 생활에 익숙해진 것 같아 보이는군요. 이게 다 제 덕이라고 생각하십시오.,내친김에 상인과의 거래로 쌓은 [ffcc00]명성도[ffffff]가 얼마나 되는지 확인해 볼까요?,...상인하고 거래 할 때 싸우기라도 했습니까? 좀 더 [ffcc00]거래를 성공시키고[ffffff] 명성도를 높게 올려보십시오.,null,,,,,,,,,,,,,,,,,,,
,15,시설 향상하기 3 ,주입기 업그레이드를 완료하셨군요. 주입기가 좋아지면 우유 탱크에 우유를 더 많이 집어넣을 수 있으니 기억하세요.,3,명성도가 좀 오르니 뭔가 달라진게 느껴지십니까?,[ffcc00]명성도[ffffff]가 올라가게 되면 [ffcc00]더 많은 업그레이드[ffffff]를 할 수 있습니다.,업그레이드는 필요 없다고 느껴지는 것도 반드시 도움이 되게 마련이니 잊지 말고 향상시키시기 바랍니다.,null,,,,,,,,,,,,,,,,,,,
,16,목장 사업 1,매출 기록이 생각보다 잘 나오신 것 같군요. 짜요 목장치고는 꽤나 잘 했다고 말씀드리죠.,3,이 정도로 익숙해졌다면 나름 어디가서 명함은 내밀 수 있겠군요. 물론 우리 Smart and Genius목장을 따라가려면 한참 멀었지만...,그나저나 이번에 Smart and Genius목장은 알바들에게 휴가를 준 덕분에 우유 생산량이 좀 줄어들 것으로 예상됩니다.,이럴때라도 짜요목장이 열심히 한다면 상대적으로 좀 더 돋보이지 않겠습니까?,null,,,,,,,,,,,,,,,,,,,
,17,친구 사귀기,친구를 추가해보니 어떻습니까? 넓은 인간관계는 언젠가 도움이 되니 잘 기억하시기 바랍니다.,3,그런데 짜요 목장은 주변 목장과 교류하고는 있습니까?,주변에 교류하는 목장과는 서로 교배에 필요한 [ffcc00]하트[ffffff]를 주고 받을 수 있습니다.,그런 의미에서 친구라도 한 명 사귀어 보는게 어떠신가요? 평생 그렇게 외롭게 살 생각이 아니면 말이죠.,null,,,,,,,,,,,,,,,,,,,
,18,품종 개량 2,교배를 좀 해보셨군요. 교배로 가축을 획득하여 [ffcc00]가축 도감[ffffff]을 완성 시킬 수 있다는 것 역시 잊지 마십시오.,3,짜요목장은 요즘 교배를 열심히 진행하고 있는지 궁금하군요.,때에 따라서는 상점에서 가축을 구매하는 것 보다 교배로 가축을 획득하는 것이 훨씬 효율적일 수 있습니다.,참고로 전 목장 주인은 교배에 신경 안쓰고 돈 모으다가 목장이 망했다고 하니` 주의하시기 바랍니다.,null,,,,,,,,,,,,,,,,,,,
,19,축사 넓히기,인벤토리를 확장해 보셨습니까? 어떤 상황이 일어날 지 모르니 가축을 몇마리 대비로 가지고 있으시길 추천드리죠.,3,혹시 가축은 많은데...가축을 저장할 공간이 부족하다고는 생각하지 않으십니까?,가축관리라는 것은 가축을 잘 보관하고 활용하는 것도 해당됩니다. ,어떤 일이 일어날지 모르니 내 집의 가축 관리 탭에서 [ffcc00]가축을 보관할 공간[ffffff]을 확장해두십시오.,null,,,,,,,,,,,,,,,,,,,
,20,근성의 우유거래 1,연속 거래에 성공 하셨다고 하더군요. 하지만 아직 갈길이 멉니다.,3,최근 Smart and Genius 목장에서는 연속적으로 거래를 성공시켜 통해 많은 수입을 올렸습니다.,우수한 연속 거래 실적으로 이번에도 표창을 수여받기로 했다는 사실도 있긴 하지만 굳이 알려드리고 싶진 않군요.,...뭐 짜요 목장도 어디 힘내서 우유 거래를 진행하시기 바랍니다.,null,,,,,,,,,,,,,,,,,,,
,21,꾸준한 우유 생산 1,착실하게 우유를 생산하신 모양이군요. 생각보다 잘 해나가고 있으신 것 같습니다. 하지만 제 칭찬을 받았다고 해서 자만하지는 마십시오.,3,목장들의 평균 우유 생산량에 비교해 보자면... 짜요 목장은 아직도 우유 생산량이 부족하군요.,참고로 짜요 목장에서 기록한 최대 우유 생산량이 Smart and Genius목장의 최소 수준이라는 것도 알고 계시면 좋겠군요.,꾸준히 노력하다 보면 언젠가 짜요 목장의 우유 생산량도 충분히 남부럽지 않은 수준에 도달 할 수 있을겁니다. 언젠가는..,null,,,,,,,,,,,,,,,,,,,
,22,시설 향상하기 4,목장 환경을 개선하셨군요. 그런데 본인이 향상시킨 시설이 무슨 역할을 하고 있는지는 알고는 계시겠죠?,3,흠. 혹시 매번 가축들이 질병에 걸려서 고통받지는 않고 있습니까?,물론 모든 질병을 완벽하게 차단할 수는 없는 법이지만... 그래도 줄일 수는 있습니다.,목장을 좀 더 청결하게 관리한다면 질병에 덜 걸리겠죠. 당장 시작하시기 바랍니다.,null,,,,,,,,,,,,,,,,,,,
,23,목장 사업 2,상당 수준의 매출 기록을 달성하셨군요. 아주 축하드립니다. 정말로요. 진짭니다.,3,이번 Smart and Genius목장에서는 전반기 거래를 통해 9000만 코인을 매출로 올리는 것을 목표로 잡았습니다.,작긴 하지만 이미 최고의 목장자리에서 잠깐의 휴식을 취하는 것도 나쁘지 않지요.,언젠가 짜요 목장도 이렇게 쉬고 싶은 날이 있을테니 열심히 하시기 바랍니다.,null,,,,,,,,,,,,,,,,,,,
,24,시설 향상하기 5,양동이 업그레이드를 어느 정도 완료하신 모양이군요. 우리 Smart and Genius목장을 따라 오기 위해서는 더 열심히 하셔야 할 겁니다.,3,양동이를 향상시키게 되면 우유 탱크에 자주 왔다 갔다 할 일이 줄어듭니다.,들고 다니는 양이 많아지니 더 많은 우유를 짤 수 있다는 건 상식이죠.,...그러니까 우유를 좀 더 편하게 모을수 있으니 업그레이드를 꾸준히 하시라는 말입니다.,null,,,,,,,,,,,,,,,,,,,
,25,하트 수집 1,하트 수확은 잘 되가고 있습니까? 아... 이제서야 다 모은 모양이군요.,3,들리는 말에 의하면 경작지에서 꾸준하게 하트 작물을 심어 교배로 희귀한 가축을 얻은 목장이 있다고 합니다.,그 목장이 사실은 우리 Smart and Genius 목장이지만. 왜 그렇게 얼빠진 표정을 지으십니까?,짜요 목장도 그러기 위해서는 일단 하트부터 열심히 수확해야 하지 않겠습니까?,null,,,,,,,,,,,,,,,,,,,
,26,이달의 목장 1,꽤나 좋은 매출을 기록하는데 성공하셨군요. 꾸준하게 좋은 결과를 내는 것이 목장을 빨리 발전시키는 지름길입니다.,3,최근 Smart and Genius 목장의 거래 금액이 꾸준히 상승세를 이어가고 있습니다.,최근에는 호황에 힘입어 분기별 최고 거래 금액을 갱신하기까지 했죠.,흠 뭐... 짜요 목장도 열심히 하다보면 언젠가 좋은 매출을 올리는 날이 오지않겠습니까? 열심히 해보십시오.,null,,,,,,,,,,,,,,,,,,,
,27,최고 영업 사원 1,우유 생산량이 꽤나 나아진 것 같군요. 아직 갈길이 멀긴 하지만 잘 해 나가시는 것 같습니다. 뭐 노력하는 자에게는 성공이 있다고 하던가요?,3,최근 짜요 목장의 평균 우유 판매 수량은 얼마나 됩니까?,...뭐 딱히 말 하지 않아도 알것 같군요. 본인 스스로 노력이 필요하시다는 것은 알고 계실거라 믿겠습니다.,한시라도 빨리 작은 목장에서 벗어나기 위해 꾸준히 우유를 모으시기 바랍니다.,null,,,,,,,,,,,,,,,,,,,
,28,근성의 우유거래 2,표창을 받았다고 들었습니다. 축하드릴 일이군요. 짜요 목장이라면 이런 상금이 매우 귀중할 때 이니까요.,2,이번 Smart and Genius 목장에서는 연속적인 거래 실적에 감사하다며 표창을 수여받았습니다.,짜요 목장은 열심히 하다보면 이런 표창을 받을 날이 있을 겁니다. 아` 지난해에 받았던 표창장이 한박스 있는데 구경하시겠습니까?,null,null,,,,,,,,,,,,,,,,,,,
,29,꾸준한 우유 생산 2,우유 생산 목표량을 채우셨군요. 제 덕에 보상금을 받았으니 고맙다고 한마디 해주시면 어떨까요?,2,최근 낙농협회에서는 일정량 우유를 생산한 목장에 지원금을 준다고 하더군요.,짜요 목장 쪽에는 좋은 정보가 될 것 같군요. 영세 목장에게만 지원되기에 저희 거대 목장은 별로 연관이 없군요.,null,null,,,,,,,,,,,,,,,,,,,
,30,목장 사업 3,꽤나 높은 매출을 달성하셨군요. 분발하면 더 좋은 결과가 있을 겁니다. 열심히 노력하십시오.,3,지난달 이야기지만` Smart and Genius 목장에서는 목표 매출 달성 기념으로 직원들에게 큰 보너스가 지급되었습니다.,우리 Smart and Genius 목장같은 거대 목장은 항상 목표된 매출을 달성하기 위해 노력 중이죠.,짜요목장이 뭐 손톱만하긴 하지만... 어쨌든 꾸준히 매출을 향상시키는 것이 중요한 것 아니겠습니까?,null,,,,,,,,,,,,,,,,,,,
,31,품종 개량 3,가축 교배를 지속적으로 진행하고 있군요. 그런식으로 계속 발전해나가보세요.,2,이번 Smart and Genius 목장에서 품종개량으로 새로운 품종의 소를 얻는데 성공했습니다.,전문 연구인력이 있는 저희 목장처럼 되긴 힘들겠지만` 짜요 목장도 열심히 노력하시길 바랍니다. 교배를 게을리 하고 있는건 아니시겠죠?,null,null,,,,,,,,,,,,,,,,,,,
,32,이달의 목장 2,꽤나 높은 매출을 달성하는데 성공하셨군요. 아직 Smart and Genius 목장에 비해서는 모자라지만 나름대로 잘 하신 것 같습니다.,3,낙농협회에서 이번달 최우수 실적 목장으로 Smart and Genius목장을 지정했다고 합니다.,우수한 실적의 비결은 꾸준한 노력과 적절한 시기` 그리고 기회를 얼마만큼 잘 잡을 수 있는가 라고 할 수 있습니다.,그런 의미에서 짜요 목장도 높은 매출 달성을 목표로 잡고 진행해보시는게 어떻습니까?,null,,,,,,,,,,,,,,,,,,,
,33,최고 영업 사원 2,목표로 하신 우유 판매량 달성에 성공하셨군요. 뭐` 예상보다 좀 느리긴 하지만... 어쨌든 잘 해냈군요.,3,우리 Smart and Genius목장의 지방 부설 목장에서 새로운 판매 수량 신기록을 세웠다고 합니다.,Smart and Genius 목장의 뛰어난 기술력 덕분에 변두리 목장이라도 높은 생산성을 자랑하죠.,꾸준하게 업그레이드를 진행했다면 최고 우유 판매량을 기록해보는 것도 좋은 경험이 될 겁니다.,null,,,,,,,,,,,,,,,,,,,
,34,근성의 우유거래 3,연속 우유 거래에 성공 하셨다고 들었습니다. 점점 발전해 나가는 모습이 보이는군요. 하긴` 그래야 이렇게 찾아와 조언해주는 보람이라도 있지않겠습니까?,2,우리 Smart and Genius 목장에선 이번 연속 거래 실적을 상향 조절하기로 했습니다.,짜요 목장도 연속 거래 성공을 얼마나 했는지 잘 체크해 두고 있는지 궁금하군요.,null,null,,,,,,,,,,,,,,,,,,,
,35,꾸준한 우유 생산 3,우유 생산 목표량 달성에 성공한 겁니까? 뭐 축하는 해드리도록 하겠습니다.,2,짜요 목장의 최근 생산량이 얼마인지 정확하게는 모르겠지만 아직까진 딱히 대단한 발전은 없는 것 같더군요.,열악한 환경이라도 꾸준히 우유를 모으다 보면 좋은 결과가 있을 겁니다. 젊어서 고생은 사서도 한다고 하지 않습니까?,null,null,,,,,,,,,,,,,,,,,,,
,36,목장 사업 4,매출 달성에 성공하신 모양이군요. 그럭저럭 나쁘지 않은 결과 같습니다.,3,지금까지 나름 잘해오고 있긴 하지만 과거 몇몇 거래 실적은 그다지 썩 좋다고 볼 수 없을 것 같더군요.,머리를 굴려서 현명하게 거래한다면 성공적인 거래와 더불어 많은 매출을 올릴 수도 있습니다.,어디 얼마나 운영을 잘 할수 있을지 보도록 하겠습니다.,null,,,,,,,,,,,,,,,,,,,
,37,하트 수집 2,꽤나 열심히 하트를 수집하신것 같군요. Smart and Genius 목장에 비해서는 한참 모자라지만.,3,이번에 저희 목장에서 부설로 운영하는 경작지에서 하트 생산이 초과달성을 이루어 더 많은 우수 품종 연구가 가능해졌습니다.,짜요 목장에서는 경작지 확장이나 하트 작물의 재배가 꾸준히 이루어지고 있는지 모르겠습니다.,하트의 꾸준한 생산은 가축 교배와도 직결되니 많은 노력을 기울이시기 바랍니다.,null,,,,,,,,,,,,,,,,,,,
,38,이달의 목장 3,매출 달성에 성공하신겁니까? 나름 나쁘지는 않은 결과로군요. 꾸준히 진행하십시오.,3,이번에 목장을 운영하면서 느끼는거지만... 항상 목장을 운영하면서 소와 양` 산양들에게 고마워하고 있습니다.,우수한 우리 Smart and Genius목장의 가축들 덕에 항상 높은 매출을 기록하고 있으니 고마워 하지 않을 수 없죠.,짜요 목장도 한번 매출 기록 갱신에 도전해 보는게 어떻습니까?,null,,,,,,,,,,,,,,,,,,,
,39,최고 영업 사원 3,우유 생산 목표를 달성했다고 들었습니다. 좋은 소식이로군요. 계속 노력하시기 바랍니다.,3,짜요 목장에서는 우유 탱크를 꾸준히 향상시키고 있습니까?,꾸준하게 우유탱크를 향상시켜야 우유를 더 많이 팔아서 많은 돈을 모을 수 있으니까요.,어디 얼마나 우유를 팔 수 있을지 지켜보도록 하겠습니다.,null,,,,,,,,,,,,,,,,,,,
,40,근성의 우유거래 4,여러 상인들과 실패 없이 거래를 잘 진행하셨군요. 아주 잘 해 나가고 있습니다.,3,안타까운 소식이지만 Smart and Genius 목장에서 연속적으로 기록해나가던 전국 최우수 연속 거래 실적이 이번달로 종료되었습니다.,그 동안 노력해준 Smart and Genius 목장의 직원들을 모두 하와이로 휴가 보냈으니 어쩔수 없는 일이죠.,저희가 쉬고 있는 틈을 타서라도 연속거래 수상의 기회를 노려보시기 바랍니다.,null,,,,,,,,,,,,,,,,,,,
,41,꾸준한 우유 생산 4,우유 생산을 꾸준하게 잘 진행하셨군요. 생각보다 잘 해내가고 있는 것 같습니다.,3,목장을 이끌어나가면 항상 더 큰 목표를 향해서 나아가야 하죠.,짜요 목장도 이런 Smart and Genius목장의 위대한 목표를 본받아 나아가면...뭐 언젠가는 좀 더 나아지지 않겠습니까?,예를 들어 우유 판매량 갱신이라던가 이러한 목표 말이죠.,null,,,,,,,,,,,,,,,,,,,
,42,목장 사업 5,목표 금액을 달성 하신겁니까? 생각보다 잘 해나가고 있군요. 사실 포기하고 도망가지나 않았을까 잠깐 생각하긴 했습니다.,2,그러고 보니 Smart and Genius 목장의 우수한 기술력에 대해서 세계 낙농협회가 강연을 해달라는 요청을 해왔습니다.,제가 없더라도 열심히 목장을 운영해 수입을 올리는 것을 게을리 하지 마시기 바랍니다.,null,null,,,,,,,,,,,,,,,,,,,
,43,품종 개량 4,예상보다 좀 느리긴 하지만... 가축 교배를 착실히 진행하신 모양이군요. 뭐 꾸준히 잘 했다는게 중요하죠.,3,뛰어난 품종의 가축을 얻는 것은 꾸준히 교배에 투자를 한 사람만이 맛 볼 수 있는 달콤한 열매라고 할 수 있습니다.,짜요 목장도 꾸준히 진행을 하다 보면 좋은 결과를 볼 수 있을겁니다.,들으셨습니까? 꾸준히 하시라는 말입니다. 뭐긴요? 가축 교배죠.,null,,,,,,,,,,,,,,,,,,,
,44,이달의 목장 4,최고 매출 기록을 달성하신겁니까? 하긴` 그 정도는 쉽게 해결해야 목장을 이끌어 나간다고 할 수 있죠. 안 그렇습니까?,3,알고 있겠지만 상인마다 모두 제시하는 거래 조건과 제시하는 금액이 다릅니다.,이런 특징을 잘 활용하는 것이 바로 높은 매출을 기록하는 지름길이라고 할 수 있습니다.,짜요 목장도 더 높은 매출을 기록하기 위해 노력해보시기 바랍니다.,null,,,,,,,,,,,,,,,,,,,
,45,최고 영업 사원 4,이제 제법 우유를 판매하는 법에 대해서 알게 되신 것 같군요. 적절한 시기가 올때 까지 대비를 잘 하게 되면 이런 좋은 결과가 있는 겁니다.,3,상인에게 많은 우유를 파는 것은 아무리 강조해도 지나치지 않습니다.,많은 우유를 생산해 판매하는 것은 목장주의 기본 덕목이라고 할 수 있죠.,그런 의미에서 이번엔 얼마만큼의 우유를 한번에 판매할 수 있을지 보도록 하죠.,null,,,,,,,,,,,,,,,,,,,
,46,교배 연구 1,제가 말씀드린 가축을 얻으신겁니까? 대단하군요. 사실 성공할거라 생각은 못했지만 축하드립니다.,2,이전에도 말했지만` 목장은 꾸준히 교배를 진행해 새로운 가축을 얻는데 투자를 아끼지 말아야 합니다.,현재 짜요 목장의 수준이라면 새로운 가축을 얻어야 할 때가 아닌가 싶군요.,null,null,,,,,,,,,,,,,,,,,,,
,47,교배 연구 2,그 가축도 얻었다고 들었습니다. 이건 정말 예상 외의 결과로군요.,2,좀 더 높은 수준의 우유를 얻기 위해서는` 이전에 말한 것과 마찬가지로 새로운 가축을 얻는 것이 가장 좋은 방법입니다.,좀 더 새로운 단계에 도전해 보는게 어떨까요?,null,null,,,,,,,,,,,,,,,,,,,
,48,교배 연구 3,제가 말씀 드린 가축을 얻으셨다고 들었습니다. 흠... 꽤나 흥미로운 결과로군요. 딱히 예상 밖의 결과라 그런건 아닙니다.,1,좋습니다. 이번에도 어디 한번 새로운 품종을 얻는데 도전해 보도록 하죠.,null,null,null,,,,,,,,,,,,,,,,,,,
,49,교배 연구 4,이번에 교배에 성공하셨다고 들었습니다. ...제가 놀랐다고 생각하시나요? 전혀 놀라지 않았습니다. 전혀요.,1,예상외로 결과가 좋게 나오는 것 같으니 좀 더 나은 품종의 가축을 얻어보는 것도 나쁘지 않을 듯 하군요.,null,null,null,,,,,,,,,,,,,,,,,,,
,50,교배 연구 5,이번에도 제가 말씀드린 가축을 얻는데 성공하신 것 같군요. 이번 만큼은 정말 대단하시군요.,1,더 높은 자리로 오르기 위해서는 쉬지 말아야 합니다. 또 다른 품종의 가축을 얻는데 도전해 보십시오.,null,null,null,,,,,,,,,,,,,,,,,,,
,51,늑대 주의,목표한 수 만큼의 늑대 사냥에 성공하셨군요. 이왕이면 평소에도 총알 좀 아끼지 말고 열심히 잡아주시면 감사하겠군요.,3,마리씨` 최근 늑대의 개체수가 크게 증가되었다고 합니다. 늑대를 잡아오면 보상을 준다니 한번 해보시기 바랍니다.,늑대가 최근 기승을 부린다고 하는군요. 협회에서 개채수 조절을 목적으로 늑대를 사냥해온다면 보상을 준다니 알아두십시오.,짜요 목장 인근에 늑대가 너무 많이 보이는 것 같지 않습니까? 저희 목장에도 피해가 올지 모르니 꾸준히 늑대를 사냥해 주시면 감사하겠군요.,null,,,,,,,,,,,,,,,,,,,
,52,끝나지 않는 거래,매출 목표를 달성하신 겁니까?,3,최근 거래는 성실히 임하고 있습니까? 그런 의미에서 어디 목표 금액을 달성해보시는 건 어떻습니까.,목장 주인의 덕목은 많은 수입을 꾸준히 올리는 것이죠. 얼마만큼의 매출을 올릴 것인지 생각해 보시는 것도 나쁘진 않을 겁니다.,제 스마트한 목장의 수입량을 따라오기 위해서 간단한 도전거리를 내드리도록 하겠습니다.,null,,,,,,,,,,,,,,,,,,,
,53,영농 후계자,흠` 충분한 건초를 모으는데 성공하신 것 같군요.,3,가축들에게 줄 건초를 성실히 재배하자는 취지에서 건초 생산량 목표를 두시는 건 어떻겠습니까?,건초는 잘 재배하고 있습니까? 설마... 건초 재배가 귀찮다 이런 생각 가지고 있는건 아니시겠죠?,가축에게 건초를 잘 주어야 우유 생산이 원활하게 이루어지죠. 그런 의미에서 건초 생산에 관한 과제를 하나 내드리죠.,null,,,,,,,,,,,,,,,,,,,
,54,협상 전문가,연속 거래에 성공하신 모양이군요. 거래를 실패없이 지속적으로 성공시켜 나가면 받는 표창도 잊지 마십시오.,3,상인과 연속으로 성공적인 거래를 하는 것은 쉬울 수도 있고` 어려울 수도 있죠. 상인과 연속 거래를 이어나가 보시는 건 어떻습니까?,적절한 우유 판매량으로 지속적으로 상인거래를 성공해 나가실 수 있겠습니까? 한번 보도록 하죠.,상인과 연속적으로 거래를 성사시키는 것도 목장 주의 능력중 하나입니다. 이런 간단한 것도 못하진 않겠죠...?,null,,,,,,,,,,,,,,,,,,,
,55,우유왕,목표한 우유 생산량에 도달하신 겁니까? 잘 하셨습니다.,3,우유 생산은 성실히 진행하고 있습니까? 마리씨의 실력이 얼마나 늘었는지 한번 보도록 하겠습니다.,다양한 방법으로 우유 생산량을 늘릴 수 있죠. 짜요 목장의 우유 생산량이 얼마나 될지 한번 확인해 볼까요?,짜요 목장의 우유 생산량이 얼마나 될지 궁금하군요. 그 동안 우유를 짜는 실력이 많이 늘었길 바랍니다.,null,,,,,,,,,,,,,,,,,,,
,56,가축 계획,가축 교배 목표를 달성하신겁니까? 당장 좋은 가축을 얻지 못했더라도 꾸준히 진행하면 좋은 결과가 있을 것입니다.,3,꾸준히 가축 교배를 진행해야 목장이 발전하는 법입니다. 가축을 몇번 교배시켜 보십시오.,목장의 발전도는 어떻습니까? 가축 교배는 꾸준히 진행하고 있겠죠?,가축 교배에 투자하는 것은 곧 미래에 투자하는 것과 같습니다. 그런 의미에서 가축 교배를 몇번 진행해 보십시오.,null,,,,,,,,,,,,,,,,,,,
,57,부자 목장,목표 매출을 달성하는 데 성공한 모양이군요.,2,최고의 목장의 수준에 도달하고 싶으신가요?,먼저 그만한 매출을 내보시는게 어떻습니까.,null,null,,,,,,,,,,,,,,,,,,,
,58,동물 농장!,교배 목표 달성량을 채우셨군요. 꾸준한 교배로 동물을 지속해서 향살할 수 있다는 점을 잊지 마십시오.,2,동물 교배는 계속 하고 있습니까? 보아하니` 전혀 손 안대고 있는건 아닌지 의심되는군요.,좋은 가축들을 모아두면 언젠가 쓰일 날이 생기게 될 겁니다.,null,null,,,,,,,,,,,,,,,,,,,
,59,우유의 황제,충분한 우유를 생산하셨군요. 어떻게 해야 우유가 많이 생산되는지 잘 기억하십시오.,2,짜요 목장의 우유 생산력은 이 주변에서 꽤나 유명하죠. 알고 계셨습니까?,그런 의미에서 어디 짜요 목장의 우유 생산량을 한번 보도록 하죠.,null,null,,,,,,,,,,,,,,,,,,,
,60,대농장,흠` 충분한 건초를 모으는 데 성공하신 것 같군요.,3,건초 생산은 잘 이루어지고 있습니까?,귀찮을지도 모르겠지만` 건초 생산은 곧 동물의 애정과도 같다고 생각해주시길 바랍니다.,그런 의미에서 건초를 열심히 생산하면 선물을 드리도록 하죠.,null,,,,,,,,,,,,,,,,,,,
,61,하트가 열리는 나무,하트 재배에는 끈기를 요구하죠. 잘하셨습니다.,2,최근 하트 생산은 꾸준히 진행되고 있는지 궁금하군요.,교배를 게을리 하는 건 아닌지 의심됩니다만... 하트 생산 한번 해보시는 게 어떻습니까?,null,null,,,,,,,,,,,,,,,,,,,
,62,늑대 사냥꾼,총을 쏘는데 소질이 상당하신 것 같군요. 사냥꾼을 하셔도 될 것 같습니다만.,2,늑대들은 정말 끝도 없이 나타나는군요.,들리는 바에 의하면 짜요 목장의 늑대 사냥 실력이 보통이 아니라는데... 늑대 퇴치를 부탁드려도 되겠습니까?,null,null,,,,,,,,,,,,,,,,,,,
,63,최고급 우유 생산지,더 좋은 동물이 왜 필요한지 궁금하신가요? 앞으로 분명 필요하게 될 일이 있을 겁니다.,2,짜요 목장의 우유 품질이 오랫동안 정체되어있는 것 같군요.,우유의 신선도를 올린다면 제가 준비한 선물을 드리도록 하겠습니다.,null,null,,,,,,,,,,,,,,,,,,,
// 경쟁 퀘스트 목표,,,,,,,,,,,,,,,,,,,,,,,,,,,
label(rivalquest),questcode,desc,,,,,,,,,,,,,,,,,,,,,,,,,
,필드동물수량(30),목장에 가축을 최대 (n)마리 배치해보세요.,,,,,,,,,,,,,,,,,,,,,,,,,
,누적건초획득(13),건초를 (n)개 생산하세요.,,,,,,,,,,,,,,,,,,,,,,,,,
,착유기(53),착유기를 (n)단계로 향상시키세요.,,,,,,,,,,,,,,,,,,,,,,,,,
,탱크(51),우유탱크를 (n)단계로 향상시키세요.,,,,,,,,,,,,,,,,,,,,,,,,,
,소모템농부(63),알바 아이템 (n)번 사용하기,,,,,,,,,,,,,,,,,,,,,,,,,
,누적늑대잡이(1),늑대 (n)마리 잡아 보세요.,,,,,,,,,,,,,,,,,,,,,,,,,
,소모템긴급지원(65),긴급지원을 (n)번 사용해보세요.,,,,,,,,,,,,,,,,,,,,,,,,,
,경작지확장(40),경작지를 (n)개 보유하세요.,,,,,,,,,,,,,,,,,,,,,,,,,
,집(50),집을 (n)으로 향상시키세요.,,,,,,,,,,,,,,,,,,,,,,,,,
,명성레벨(31),명성 레벨을 (n)까지 올려보세요.,,,,,,,,,,,,,,,,,,,,,,,,,
,주입기(54),주입기를 (n)단계로 향상시키세요.,,,,,,,,,,,,,,,,,,,,,,,,,
,누적판매금액(11),여러 달 거래하여 (n)만 코인 매출에 도달하세요.,,,,,,,,,,,,,,,,,,,,,,,,,
,친구추가(32),친구를 (n)명 추가하세요.,,,,,,,,,,,,,,,,,,,,,,,,,
,친구하트선물(33),친구에게 하트를 (n)개 선물해보세요.,,,,,,,,,,,,,,,,,,,,,,,,,
,누적일반교배(21),일반 교배를 (n)번 해보세요.,,,,,,,,,,,,,,,,,,,,,,,,,
,동물인벤확장(41),가축 인벤토리를 (n)회 확장하세요.,,,,,,,,,,,,,,,,,,,,,,,,,
,최고거래성공횟수(14),연속으로 거래를 (n)번 성공하세요.,,,,,,,,,,,,,,,,,,,,,,,,,
,누적배럴(18),여러 달 동안 우유를 (n)배럴 생산해 거래해 보세요.,,,,,,,,,,,,,,,,,,,,,,,,,
,양동이(52),양동이를 (n)단계로 향상시키세요.,,,,,,,,,,,,,,,,,,,,,,,,,
,누적하트획득(12),하트를 (n)개 수확해 보세요.,,,,,,,,,,,,,,,,,,,,,,,,,
,최고판매금액(17),1회 거래로 (n)만 코인의 수입을 올리세요.,,,,,,,,,,,,,,,,,,,,,,,,,
,최고배럴(16),1회 거래로 (n)배럴의 우유를 판매하세요.,,,,,,,,,,,,,,,,,,,,,,,,,
,최고신선도(15),신선도 (n) 이상의 우유를 판매하세요.,,,,,,,,,,,,,,,,,,,,,,,,,
,필드에 동물배치(70),(n)를 획득하고 목장에  배치해 보세요.,,,,,,,,,,,,,,,,,,,,,,,,,
,누적프리미엄교배(22),프리미엄 교배를 (n)번 해보세요.,,,,,,,,,,,,,,,,,,,,,,,,,
,목장환경(55),목장환경을 (n)단계로 향상시키세요.,,,,,,,,,,,,,,,,,,,,,,,,,
// Ui 튜토리얼,,,,,,,,,,,,,,,,,,,,,,,,,,,
label(ui_tuto),scene,prefab_name,title,rewardcode,,,,,,,,,,,,,,,,,,,,,,,
,firstmonth,ui_tuto_firstmonth,기본 기능 안내,5500,,,,,,,,,,,,,,,,,,,,,,,
,inven,ui_tuto_inven,인벤토리 안내,5502,,,,,,,,,,,,,,,,,,,,,,,
,deal,ui_tuto_deal,거래 안내,5503,,,,,,,,,,,,,,,,,,,,,,,
,secondmonth,ui_tuto_secondmonth,아이템 안내,5504,,,,,,,,,,,,,,,,,,,,,,,
,cropfarm,ui_tuto_cropfarm,경작지 안내,5507,,,,,,,,,,,,,,,,,,,,,,,
,wolf,ui_tuto_wolf,늑대 안내,5508,,,,,,,,,,,,,,,,,,,,,,,
,main,ui_tuto_main,메인 메뉴 안내,5509,,,,,,,,,,,,,,,,,,,,,,,
,all,null,모든 기능 안내,-1,,,,,,,,,,,,,,,,,,,,,,,
// 엔딩 성적 대사,,,1번 마리 2번 남자  ;  으로 대사와 구분    예)  1  ;   대사,,,,EPISODE_GRADE_EXCELLENT -> 4,,EPISODE_GRADE_BAD -> 1,,,,,,,,,,,,,,,,,,
label(endgradetalk),grade,talkcnt,talk1,talk2,,,,,,,,,,,,,,,,,,,,,,,
,별(4),2,1;와! 이것봐요! 1등이래요 1등!!,2;짜요 목장에 축하할 일이 생기다니` 이런 일도 생기는군요.,,,,,,,,,,,,,,,,,,,,,,,
,별(3),2,1;이 정도 대회 성적이라면 폴씨의 목장 따라가는 것도 문제는 아닐것 같아요!,2;축하는 해 드리겠습니다만.. 뭐 노력해 보시죠.,,,,,,,,,,,,,,,,,,,,,,,
,별(2),2,1;이만하면 나름 나쁘지 않은 성적 맞죠?,2;뭐 수준에 따라 다르긴 하겠지만.. 마리씨 기준이라면 나쁘지는 않은 성적이 맞는 것 같습니다.,,,,,,,,,,,,,,,,,,,,,,,
,실패(1),2,1;으으.. 조금만 더 잘하면 될 것 같은데.,2;살다보면 이럴 때도 있지 않겠습니까? 기회는 다음에도 있으니 노력하다 보면 좋은 성적을 거두게 될 겁니다.,,,,,,,,,,,,,,,,,,,,,,,
// 엔딩 대사,,대사카운트 cnt1 ~~ cnt2….,,,1번 마리 2번 남자  ;  으로 대사와 구분    예)  1  ;   대사,,,,빈자리는 0으로,,,,,,,,,,,,,,,,,,
label(endtalk),code,talkcnt,talk1,talk2,talk3,talk4,talk5,talk6,talk7,talk8,talk9,,,,,,,,,,,,,,,,
,0,6,2;4년마다 이루어지는 최우수 목장 선정대회에 대해서는 알고 계신게 있었습니까?,1;음...아뇨. 이런 대회가 있었다는건 좀 알려주셨으면 좋았을 텐데 ㅎㅎ,2;딱히 알려드리지 않아도 이 지역 목장들은 모두 자동적으로 후보에 올라는 구조이니 알려줄 필요가 없지 않겠습니까?,1;...안 알려 주셔서 정말 감사하네요. 좀 미리 알면 얼마나 좋았겠어요?,2;별 말씀을요. 어차피 참가도 못할텐데 미리 알려줘서 뭐하겠습니까? 그러니 감사해하지 않으셔도 됩니다.,1;...고맙다는거 아니거든요.,0,0,0,,,,,,,,,,,,,,,,
,1,6,2;그나저나 벌써 시간이 이렇게 지나갔군요.,1;그러게 말이에요.,2;저의 뛰어난 목장 역시 날이 갈 수록 발전하고 있습니다.,1;...안 물어봤어요.,2;더 이상 최고의 자리에 있다고 하더라도` 노력을 게을리하게 되면 다른 지역의 목장들 처럼 인수당하게 되는거죠.,1;그것도... 안 물어봤어요.,0,0,0,,,,,,,,,,,,,,,,
,2,8,1;그러고 보니 궁금한게 있는데` 폴씨의 그 유명한 목장은 왜 지도에서 보이지 않는거죠?,2;제 목장의 위치가 궁금하십니까?,1;아뇨` 당장 그 목장을 인수해버릴려고 생각하고 있었거든요.,2;오호.,1;당황해서 버벅거리는 폴씨의 얼굴을 구경해봤으면 정말 기분이 좋을 것 같아요.,2;그럴일은 없습니다. 저희 목장은 제 특별한 요구조건에 의해 그 누구에게도 매각하지 않도록 되어있죠.,2;그러니 지도에 스마트하고 천재적인 S and G 목장의 정보가 없는 것은 당연하죠.,1;그것 참 안타까운 사실이네요.,0,,,,,,,,,,,,,,,,
,3,8,1;그런데 폴씨는 평소에 그렇게 다른 목장 주인들에게도 그런식으로 말을 하나요?,2;그런식이라뇨` 전 항상 타른 목장을 생각하면서 제가 해 줄 수 있는 최대한의 조언을 해주는 것 뿐입니다.,1;...?,2;하긴` 어째 주변 목장들은 고마워할 줄을 모르더군요. 대체 뭔 말만 하면 왜 화를 내는건지 이유를 모르겠습니다.,1;정말 모르겠어요?,2;전 항상 진실만을 이야기 합니다.,1;원래 그런 성격이군요.,2;대체 왜 그러시는지 모르겠군요.,0,,,,,,,,,,,,,,,,
,4,6,2;그래도 이번 목장 선정대회에서는 나름 준비한게 많이 있군요. 정말 즐거웠습니다.,1;지금 즐거워 하시는 거에요?,2;지금 웃고 있지 않습니까. ,1;... 지금도 웃고 있는 중인가요?,2;아뇨.,1;음...,0,0,0,,,,,,,,,,,,,,,,
,5,7,2;헌데` 짜요 목장은 최근 어떻습니까?,1;흠~ 글쎄요. 만족스럽다면 만족스럽고` 별로라면 별로겠죠.,2;아주 어중간한 답변이로군요.,1;그게... 요즘은 웬지 제 의지와 상관 없이 목장이 운영되는거 같은 기분이 들어요.,1;뭔가 거대한 유리벽 너의 존재가 저를 손가락으로 조종한다는 꿈을 꾸기도...,2;부질없는 생각을 하시는군요. 집에가서 스마트폰이나 충전시키시죠.,1;네...,0,0,,,,,,,,,,,,,,,,
,6,8,2;아` 그건 알고 계십니까? 저희 목장에서 이번에 신기술을 개발하는데 성공했습니다.,1;어떤 기술인가요?,2;우유의 신선도를 대폭 향상 시키고` 기존 우유 대비 변질될 위험이 거의 제로에 가까운 새로운 저장 시설입니다.,1;우와` 그런게 가능한가요? 어떻게 하신거죠?,2;@#$#@@$$##$$@ 를 활용했죠.,1;...네? 지금 무슨 말 하신거에요?,2;간단하게 말씀드리자면 @@#$$$$#@@###@$@$# 를 적용했다고 할 수도 있습니다.,1;??? 물어본 제가 경솔했습니다...,0,,,,,,,,,,,,,,,,
,7,6,1;그런데 폴씨의 그 천재적이고 똑똑한 목장은 왜 대회에 참가 안하시는거죠?,2;하하` 저희 목장이 참여한다면 물론 1위는 문제도 아닙니다.,2;이전에는 참가를 했지만 너무 많이 1위를 해서 다른 목장들의 항의로 심사를 하는 위치로 들어가게 되었죠.,1;그런 일이 있었군요. 하긴` 폴씨라면 다른 목장에서 항의가 들어올만도 하겠네요.,2;다른 목장의 질투와 시기심은 저라도 어쩔수 없죠.,1;딱히 질투와 시기심 때문이라기 보다는...,0,0,0,,,,,,,,,,,,,,,,
,8,7,2;그건 그렇고` 낙농협회의 긴급지원팀에 새로운 일꾼이 들어왔다고 합니다. 막내라고 하더군요.,1;막내라뇨?,2;긴급지원팀의 일꾼들은 모두 한 가족의 형제들입니다.,1;그 9명이 모두 형제였다구요?,2;몰랐습니까?,1;오옹...세상에는 신기한 일이 많군요. 폴씨의 그 표정이라던가.,2;무슨 말을 하는지 모르겠군요.,0,0,,,,,,,,,,,,,,,,
,9,7,1;그러고 보니 양들은 너무 귀여운것 같아요. 양들로 목장을 가득 채우면 정말 보기 좋을것 같아요. 안그래요?,2;산양과 소는 그렇지 않다는 말입니까?,1;어... 아뇨 꼭 그런건 아니지만.,2;마리씨는 가축을 편애하시는게 아닌지 의심되는군요.,1;그`그럴리가요. 전 제 목장에 있는 모든 가축들을 사랑해요.,2;참고로 전 산양을 가장 좋아합니다.,1;...,0,0,,,,,,,,,,,,,,,,
,10,8,2;그러나 저러나 이번 대회도 꽤나 크게 치루어졌군요.,1;그러게요. 저쪽 유제품 코너에 가면 맛있는 치즈도 있어요!,2;이 지역에서 생산되는 우유도 유명하지만` 특히 치즈나 버터등의 가공품도 아주 유명하죠.,1;생각난 김에 치즈를 좀 더 사가는게 좋겠어요. 집에서 먹어야지!,2;그렇게 먹으면 살 찔텐데요.,1;흥` 그렇게 말해도 먹고 싶은건 먹고 싶은거죠.,2;아예 목장에 치즈 가공소를 하나 차리시는게 어떻습니까? 그럼 매일 먹고 보름달 처럼 될텐데.,1;으으으...,0,,,,,,,,,,,,,,,,
,11,6,1;그런데 이 대회도 꽤나 오랫동안 이루어진 것 같아요.,2;그렇군요.,1;근데 이 대회는 4년에 한번씩 이루어지잖아요?,2;그렇죠.,1;지금이 몇 년이죠?,2;...거기까지.,0,0,0,,,,,,,,,,,,,,,,
,12,5,1;근데 폴씨는 어떻게 목장을 경영하기 시작했나요?,2;그냥 간단한 취미생활로 시작했는데 어느새 여기까지 왔더군요.,1;그렇다면 지금은 뭔가 나름 새로운 목표같은게 생겼겠군요.,2;아뇨` 여전히 그냥 취미일 뿐입니다.,1;...우와.,0,0,0,0,,,,,,,,,,,,,,,,
,13,8,2;그러고 보니 마리씨는 이곳에서 목장을 운영하기 전에 도시에 있었다고 하시지 않았습니까?,1;이것 저것 안해본 적이 없었죠.,1;복권 덕분에 새로운 인생을 살뻔 했지만... 돈이 갑자기 많아지니 달라지는 사람들이 있더군요.,2;무슨 말이지 알 것 같군요.,1;아무리 돈이 많아도 꼭 행복해지는 것은 아닌것 같아요.,2;맞는 말 입니다.,1;그래도 전 돈이 좋아요.,2;훌륭한 자세입니다.,0,,,,,,,,,,,,,,,,
,14,8,1;아` 그러고 보니 요즘따라 드는 생각인데` 목장에서 쓰는 치료제와 촉진제가 소에 좋을지 걱정이 들더라구요.,2;흠. 좀 더 일찍 물어볼 줄 알았는데` 이제야 궁금해 지신 모양이군요.,2;결론부터 말하자면 아무 문제 없습니다. 오랜 연구 끝에 가축들에게 어떠한 영향도 미치지 않도록 개발된 신 물질로 개발되었으니까요.,1;오오...,2;또한 이러한 약품은 전 세계 중 오직 이곳에서만 사용 할 수 있도록 철저하게 관리가 되어지고 있습니다.,1;오오오~.,2;물론 이 약품을 개발하고 생산하는 것은 저희 목장 그룹이죠. 마리씨가 열심히 촉진제를 사용할 수록 저희는 더 많은 돈을 벌게 됩니다.,1;헐.,0,,,,,,,,,,,,,,,,
,15,7,1;그런데 폴씨도 목장에서 직접 일을 하시나요?,2;물론이죠. 사무실에 앉아 있으면 정말 필요한게 뭔지 잘 모르게 되니까요.,1;정말요? 웬지 폴씨라면 책상에 앉아서 일만 할 줄 알았는데.,2;현장이 어떻게 돌아가는지를 파악하는 것은 대표로써 당연한 업무중 하나라고 할 수 있습니다.,1;와. 뭔가 멋진 말인데 폴씨가 말하니까 좀...,2;좀..?,1;아하하.. 아무것도 아니에요.,0,0,,,,,,,,,,,,,,,,
,16,5,2;그나저나 마리씨는 가족과 자주 만나십니까?,1;최근엔 자주 만나고 있어요. 가족들을 목장으로 오게 할지 생각중이에요.,1;폴씨는 가족들과 어떻게 지내시나요?,2;흠...사실 이곳에 함께 살았었는데` [넌 우리가 없어도 충분하니 우린 남은 여생을 즐기러 여행이나 가겠다] 라고 하시고 해외로 나가셨습니다.,1;...,0,0,0,0,,,,,,,,,,,,,,,,
,17,8,2;그런데 마리씨는 처음 목장을 운영한다고 했을 때가 기억나십니까?,1;그럼요. 어떻게 시작한 목장인데` 잊을수가 없죠.,2;저도 솔직히 이 정도까지 오랫동안 운영해 나가고 있을지 상상도 못했습니다. 그동안 성적이 어떻든 말이죠.,1;그래요? 그럼 처음에는 얼마나 할 거라고 예상하셨어요?,2;첫달만에 그만두고 도망가지 않을까 싶었습니다.,1;예상이 빗나가서 정말 안타깝겠네요. 이를 어쩌나~,2;사실 그런것도 좀 있긴 합니다.,1;하하..,0,,,,,,,,,,,,,,,,
,18,5,1;그나저나 요즘 늑대들 때문에 너무 힘들어요...,2;저희도 애를 먹기는 마찬가지입니다. 그래도 준비가 철저하다면 피해를 막을 수는 있죠.,1;그런데 그 많은 늑대들은 아무리 쫓아내도 어디서 다시 돌아오는 걸까요?,2;글쎄요` 어딘가 늑대 왕국이라도 있는게 아닌가 싶군요.,0,0,0,0,0,,,,,,,,,,,,,,,,
,19,6,2;뭐 목장 평가야 어쨌든 이번 대회도 크게 치루어졌군요.,1;그런데 이런 대회를 정기적으로 주최할려면 많은 돈이 들어갈텐데 그 돈은 어디서 나오는 걸까요?,2;원래는 국가에서 지원을 했지만 저희가 심사위원으로 들어간 뒤에는 저희쪽에서 대다수의 금액을 부담하고 있습니다.,1;어마어마한 자금이 들어가겠네요.,2;액수로 따지자면 적지 않은 금액이지만 이런 대회를 통해서 축척되는 이미지가 저희 목장 그룹에 큰 도움이 되고 있습니다.,1;오오~ 멋진데요?,0,0,0,,,,,,,,,,,,,,,,
,20,9,1;그런데 폴씨의 S and G 목장 말이에요. 예전부터 궁금했는데 규모가 대체 얼마나 되는거죠?,2;그렇게 궁금하십니까?,1;물론이죠.,2;제 소유의 기업에서 이 지역에서 생산되는 우유의 90%를 매입한다... 정도만 알려드리겠습니다.,1;정말이에요? 목장이 아니라 기업도 있었다구요?,2;제가 언제 거짓말을 한적이 있습니까?,1;헐... 그럼 그냥 재수없는 목장주가 아니라 회장 아니에요?,2;그렇게 부르는 사람도 있더군요.,1;우와..,,,,,,,,,,,,,,,,
,21,8,1;그런데 대회를 지나가면서 느끼는건데` 경작지 컨테스트도 있으면 참 좋을것 같아요.,1;배추를 길러서 누가 더 멋진 배추를 키웠는지 경쟁하는거죠!,2;있습니다.,1;정말요???,2;마리씨 목장에서 나오는 작물들로는 참가하지 않는 것이 정신건강에 좋을 것 같아 말씀드리지 않은 것 뿐입니다.,1;배려에 눈물이 다 나올 지경이네요...,2;그 정도 배려는 아무것도 아니니 감동하실 것 없습니다.,1;에휴...,0,,,,,,,,,,,,,,,,
,22,9,1;그러고 보니 가축들을 키우면서 여러가지 많은게 달라진것 같아요.,2;예를 들면요?,1;예전엔 소고기를 구워먹는걸 정말 좋아했는데 이제는 먹지 않고 있어요.,1;이 지역은 고기값도 싸서 스테이크도 쉽게 먹을수 있는데 말이에요.,2;간혹 그런 분들이 있긴 합니다. 그나저나 치즈버거 하나 드시겠습니까?,1;네! 치즈버거 완전 좋아해요.,2;소고기를 안드신다고 하지 않으셨습니까?,1;적어도 고기를 직접 보지는 않잖아요. 아 맛있다.,2;후우..,,,,,,,,,,,,,,,,
,23,6,2;참` 이번에 교배 연구를 통해 새로운 가축 품종을 개발할 가능성이 열렸습니다. 아직까진 연구단계라 외부 공개는 하지 않고 있습니다.,1;목장들의 가축들이 순수 교배로 얻어진거였어요?,2;물론이죠. 이 지역 내에서는 강제적인 유전자 조작을 통해 생산된 가축의 사용을 허용하고 있지 않습니다.,1;...그렇다면 소가 옷을 입고 다니는 것도 태어날 때 부터 그렇게 나온건가요??,2;?? 당연하죠. 소가 옷을 입고 나오는게 이상하다니... 마리씨 갑자기 왜 그러시는겁니까?,1;아뇨 죄송합니다...,0,0,0,,,,,,,,,,,,,,,,
,24,6,2;그런데 마리씨가 지금까지 했던 일 중에 가장 힘들었던 일은 뭐였습니까?,1;음~ 글쎄요. 목장을 하기 전에는 모든 일이 쉽지 않았어요.,1;그때는 도시에 살면서 항상 돈이 부족했다는 거에 마음이 제일 힘들었던 것 같아요.,2;지금은 어떤가요?,1;지금은 힘들어도 나름 여유가 있는 것 같아요.,1;돈에 시달리지도 않고` 노력한 만큼의 보람이 있으니까요.,2;좋은 자세입니다.,0,0,,,,,,,,,,,,,,,,
,25,6,2;그건 그렇다 치고` 지금까지 오면서 인생의 경쟁 상대같은게 있었습니까?,1;굳이 꼽자면 도시에 있었을 적에 제가 일하던 곳에 항상 비아냥거리러 오던 친구하나가 있었죠.,1;열심히 일해서 그 애의 콧대를 꺾을려고 했는데` 결국은 여기서 이렇게 잘 지내게 됐네요.,1;폴씨는 인생의 라이벌 같은게 있었나요?,2;자칭 라이벌이라는 사람은 많았는데` 글쎄요. 잘 모르겠습니다. 라이벌이라는게 무슨 뜻인지도 가물가물해지는 군요.,1;어련하시겠어요..,0,0,0,,,,,,,,,,,,,,,,
,26,6,1;이번 대회는 행사가 좀 조용한 편이네요.,2;해외에서 구제역이 심각하게 발생해서 대회에 참여하던 바이어의 수가 크게 줄어든 것 때문일 겁니다.,2;발병 국가에서 다녀온 인원들을 해당 지역으로 방문하지 못하도록 금지했기 때문이죠.,1;저런...,2;저희 목장의 연구시설에서 치료제 개발이 끝나가니 다음 해애는 다시 활발해 질겁니다.,1;정말 다행이네요.,0,0,0,,,,,,,,,,,,,,,,
,27,7,1;어? 그런데 이번 대회는 뭔가 더 크게 준비가 된 것 같네요.,2;일전에 해외 구제역때문에 참가못했던 바이어들을 위해서 특별히 더 크게 준비되어있습니다.,2;게다가 최근까지도 이 지역에 출입이 금지되었던 외국인들이 있었으니까요.,1;이 행사가 생각보다 중요한 행사였군요.,2;뭐... 참고로 저희 목장이 후원하기 전에는 그냥 지역행사 수준이었습니다. 이 정도 행사가 된 것은 저희 목장 덕이라고 생각하셔도 될 겁니다. 고맙다는 인사는 안하셔도 됩니다.,1;그 말도 안했으면 참 좋았을텐데요.,2;사실은 사실이니까요. 안그렇습니까?,0,0,,,,,,,,,,,,,,,,
,28,5,1;흠~ 그나저나 폴씨의 목장에서 수입이 어마어마~ 하다는데... 그 돈은 다 어디에서 나오나요?,2;목장의 쉐어중 제 몫으로 떨어지는 수익의 대부분은 다시 연구와 복지쪽으로 들어가게 됩니다.,1;와` 의외네요. 폴씨라면 웬지 쉴때 황금 욕조에서 최고급 와인을 마시며 시간을 보낼 것 같았는데.,2;뭐 그것도 나름 괜찮은 휴식방법이었죠.,1;진짜였어요??,0,0,0,0,,,,,,,,,,,,,,,,
,29,5,1;참` 최고 중의 최고 목장을 뽑는 그런 대회는 없나요?,2;그런 생각도 했었습니다만` 저희 목장 때문에 사실 열지 않기로 했습니다.,1;후후. 왜요? 폴씨 목장이 위험해지기라도 할 까봐요?,2;이미 1위 목장이 건재한데 최고의 목장을 뽑으라니 뽑힌 목장은 얼마나 기분이 나쁘겠습니까?,1;하아..,0,0,0,0,,,,,,,,,,,,,,,,
,30,7,1;에구구... 그나저나 벌써 이렇게 오랫동안 목장과 함께 생활했네요.,2;뭔가에 집중하다 보면 원래 시간이 금방 금방 가는 법입니다.,2;아` 그러고 보니 이 소식 들으셨습니까? 목장 선정 대회가 당분간 열리지 않는다고 합니다.,1;네? 정말요?,2;목장 협회의 대표가 바뀌면서 목장 선정 대회가 얼마간 중단되는 것일 뿐입니다.,2;시간이 지나면 대회는 다시 열린다고 하니 그때까지 기다리면 될 것 같군요.,1;와! 정말요?  그럼 그때까지 준비를 잘 해놔야겠네요. 빨리 다음 대회가 왔으면 좋겠어요!,0,0,,,,,,,,,,,,,,,,
// 엔딩 평가원 대사,,,; 문단 나누기 ( n번으로 나누어서 말함 ),,talk1 ~ talkn 중  랜덤하게 선택되서 대사를 침,,,,,,,,,,,,,,,,,,,,,,
label(endass),key,talkcnt,talk1,talk2,talk3,talk4,,,,,,,,,,,,,,,,,,,,,
,hello,3,이번 목장 선정 대회의 심사를 시작하겠습니다. 과연 어느 목장이 가장 많은 발전을 했을지 궁금하군요.,올해에도 더 좋은 목장으로 발전하기 위해 노력해 주신 여러분들께 감사드리며` 목장 선정 대회 심사를 시작하겠습니다.,우수 목장을 뽑는 목장 선정 대회에 오신 것을 환영합니다!;이제부터 각 목장들이 얼마나 목표 달성에 성공했는지 심사하도록 하겠습니다.,0,,,,,,,,,,,,,,,,,,,,,
,start,3,그럼 먼저 짜요 목장의 심사를 시작하도록 하겠습니다.,다음 차례는 짜요 목장의 순서군요. 그동안 좋은 성적을 거두었길 기대하겠습니다.,음...이번엔 짜요 목장의 순서로군요? 올해에는 얼마나 목표를 달성했는지 기대가 되는군요.,0,,,,,,,,,,,,,,,,,,,,,
,resultbad,3,흐음... 안타깝지만 어느 것 하나 달성 목표에 오르신게 없군요.; 꾸준히 노력해서 다음 기회에 좋은 성적을 거두길 기대하겠습니다.,짜요 목장에는 개인적으로 기대를 하고 있었지만 심사 기준에는 못미치는군요.;대신 다음 대회에서는 좋은 모습을 보여줬으면 좋겠습니다.,이번 짜요 목장의 달성도는 기준 미달이로군요. 하지만 심사 대회는 그냥 목장 발전을 위한 대회일 뿐이니 크게 신경 쓰지 마세요.;대신 좋은 성적을 거두면 많은 상품이 수여된다는 것은 잘 알고 계시겠죠? 다음엔 좋은 결과를 기대하겠습니다.,0,,,,,,,,,,,,,,,,,,,,,
,resultnormal,3,기본적인 목표 달성에는 성공하셨군요. 좋은 자세입니다. 조금 더 노력하면 좋은 결과를 기대해도 될 것 같네요.,아쉽다면 아쉬운 결과로군요. 좀 더 노력한다면 상위권도 가능할 것 같습니다. 다음 목장 선정대회를 기대하도록 할께요.,기초 달성 목표에는 성공하셨군요. 목장을 좀 더 효율적으로 운영한다면 다음번엔 더 좋은 성적도 거둘수 있을 것 같습니다.,0,,,,,,,,,,,,,,,,,,,,,
,resultgood,3,짜요 목장의 기록을 보니... 상당히 높은 수준의 목표를 달성하는데 성공하셨군요. 축하드립니다.;좀 더 노력하면 최고 상위권도 노려볼 수 있지 않을까요?,수준급의 목표를 달성하셨군요! 이 정도면 웬만한 중견 목장 저리가라 할 정도의 성적이군요.; 다음 대회에서도 짜요 목장의 좋은 모습을 기대하겠습니다. ,최고 성적에는 미치지 못하겠지만 이 지역의 대표 목장이라고 불러도 될 만큼의 기록이군요.; 축하드립니다. 다음에는 더 나은 모습을 볼 수 있지 않을까 기대되는군요.,0,,,,,,,,,,,,,,,,,,,,,
,resultexcellent,3,참가한 목장들 중에서 단연 최고의 성적을 달성했다고 봐도 무방하군요!;축하드립니다. 짜요 목장이 이번 대회에서 1등입니다!,더 이상 볼 것도 없을 것 같군요. 짜요 목장이 최고 성적을 거두었습니다.;다음 대회에서도 최고의 목장으로 기록되길 바라겠습니다.,지난 4년간 가장 눈부신 성장을 한 목장이라고 해도 과언이 아니군요!; 짜요 목장의 이번 대회 최고 목장이 된 것을 축하드립니다!,0,,,,,,,,,,,,,,,,,,,,,
,next,3,대회가 마무리되어 갑니다. 이제 4년 뒤 다시 열릴 목장 선정 대회의 달성 목표를 공표하도록 하겠습니다.,그럼 이제` 다음 4년 뒤 다시 열릴 목장 선정 대회의 새로운 달성 목표를 알려드리도록 하겠습니다.,여러분 수고하셨습니다. 다음 4년 뒤 열릴 목장 선정 대회의 목표는 다음과 같습니다.,0,,,,,,,,,,,,,,,,,,,,,
,bye,3,그럼 4년 뒤에 다시 보도록 하겠습니다!,그럼 다음 대회에서 좋은 성적을 거두길 기대할게요.,그럼 다음 대회까지 열심히 노력해주시는 모습을 보여주길 바랍니다.,0,,,,,,,,,,,,,,,,,,,,,
,first,1,안녕하세요 마리씨? 오래간만이에요! 그동안 잘 지냈어요?;찾아온건 다른 이유가 아니라` 4년마다 열리는 우수 목장 선정 대회 때문이에요. 짜요 목장에 자주오는 폴씨가 알려주지 않았나요?;이 대회는 이 지역 목장을 대상으로만 하는 대회로 입상하면 많은 상품이 주어지는 대회에요.;사실 올해도 대회가 열리지만 짜요 목장은 올해 문을 열었기 때문에 이번 대회에서는 참가 자격이 안된다고 목장 협회에서 전달해 달라고 하네요.;대신 다음 대회부터는 자동으로 대회에 참가가 되는 것으로 처리되니 알고 계시면 될거에요.참고로 사회는 제가 진행한답니다!;미리 대비하라는 의미에서 4년 뒤 대회 목표를 알려드릴께요! [ffcc00]달력[ffffff]을 누르셔도 볼수 있습니다.,0,0,0,,,,,,,,,,,,,,,,,,,,,
,final,1,안녕하세요. 마리씨. 잘 지내셨어요? 좀 안 좋은 소식이 있어요.;최근 심각한 가축 질병이 발생해서 당분간 목장협회에서 대회를 열지 않겠다고 해서 각 목장에 전달하고 있는 중이에요.;다행스럽게도 이 지역에는 그 질병이 들어오지 않았지만 대회가 열리려면 좀 시간이 걸릴 것 같아요.;다음에 대회가 다시 열리게 되면 짜요 목장에 제일 먼저 알려드리러 올께요! 그럼 다음에 봐요~,0,0,0,,,,,,,,,,,,,,,,,,,,,
// 펫 스킬 ,,,,,,,,,,,,,,,,,,,,,,,,,,,
label(petskill),skillcode,minidesc,minitime,,,,,,,,,,,,,,,,,,,,,,,,
,99,1리터 우유추가,(n)회 터치시,,,,,,,,,,,,,,,,,,,,,,,,
,100,우유 (n)리터 생성,(n)초 마다,,,,,,,,,,,,,,,,,,,,,,,,
,101,신선도 (n)추가,매 착유시 (n)%확률,,,,,,,,,,,,,,,,,,,,,,,,
,102,양동이크기(n)증가,패시브,,,,,,,,,,,,,,,,,,,,,,,,
,103,일꾼 (n)명 사용가능,패시브,,,,,,,,,,,,,,,,,,,,,,,,
,105,2리터 추가^착유 속도 증가,소 (n)회 착유시,,,,,,,,,,,,,,,,,,,,,,,,
,106,코인 획득 확률 (n)단계,양 터치시,,,,,,,,,,,,,,,,,,,,,,,,
,107,피버 획득 확률 (n)단계^피버 획득코인 확률 (n)단계,산양 배치시,,,,,,,,,,,,,,,,,,,,,,,,
,108,(n)만 코인 생성,(n)초 마다,,,,,,,,,,,,,,,,,,,,,,,,
,109,피버 시간 증가 (n)초,피버 발동시,,,,,,,,,,,,,,,,,,,,,,,,
,110,게임 시간 증가 (n)초,매 착유시 일정확률,,,,,,,,,,,,,,,,,,,,,,,,
// 펫 업글 정보,,// 능력치,// 수치1,,,,,// 수치2,,,,,,,,,,,,,,,,,,,
label(petupgrade),upgradecode,upgrade1,upgrade2,upgrade3,upgrade4,upgrade5,upgrade6,time1,time2,time3,time4,time5,time6,,,,,,,,,,,,,,
,99,15,14,13,12,11,10,0,0,0,0,0,0,,,,,,,,,,,,,,
,100,1,2,2,3,3,4,5,5,4,4,3,3,,,,,,,,,,,,,,
,101,5,7,9,11,13,15,20,25,30,35,40,45,,,,,,,,,,,,,,
,102,5,10,15,20,30,40,0,0,0,0,0,0,,,,,,,,,,,,,,
,103,1,1,1,1,1,1,0,0,0,0,0,0,,,,,,,,,,,,,,
,104,2,2,2,2,2,2,0,0,0,0,0,0,,,,,,,,,,,,,,
,105,13,12,11,10,9,8,10,12,14,16,18,20,,,,,,,,,,,,,,
,106,10,15,25,40,60,90,0,0,0,0,0,30,,,,,,,,,,,,,,
,107,11,10,10,9,9,8,45,50,55,60,65,70,,,,,,,,,,,,,,
,108,10,11,12,13,14,15,15,13,11,9,7,5,,,,,,,,,,,,,,
,109,2000,3500,5000,6500,8000,9500,0,0,0,0,0,0,,,,,,,,,,,,,,
,110,400,550,700,850,1000,1150,0,0,0,0,0,0,,,,,,,,,,,,,,
,200,1,2,3,4,6,6,35,30,25,20,15,15,,,,,,,,,,,,,,
,201,1,2,3,4,5,5,0,0,0,0,0,0,,,,,,,,,,,,,,
,202,5,10,15,20,25,25,0,0,0,0,0,0,,,,,,,,,,,,,,
,205,9,8,7,6,5,5,0,0,0,0,0,0,,,,,,,,,,,,,,
,206,9,8,7,6,5,5,0,0,0,0,0,0,,,,,,,,,,,,,,
,207,9,8,7,6,5,5,0,0,0,0,0,0,,,,,,,,,,,,,,
// 뽑기 리스트 정보,,^ 로 분리해서 읽습니다.,,,,,,,,,,,,,,,,,,,,,,,,,
label(petbbopgilist),code,rangemax,list,,,,,,,,,,,,,,,,,,,,,,,,
,1,10,1^2^3^4^100^101^5^6^102^200^103^7^201^8^104^105^9^202^10^203^106^107^204^11^205^12^108^109^206^13^207^14^110^111^15^112^208^210^113^211^114^212^213^214^16^115^215^19^118^218^17^20^21^23^117^119^120^121^217^219^220^221^24^25^26^27^28^29^122^123^124^125^126^127^222^223^224^225^226^227,,,,,,,,,,,,,,,,,,,,,,,,
,2,13,1^2^3^4^100^101^5^6^102^200^103^7^201^8^104^105^9^202^10^203^106^107^204^11^205^12^108^109^206^13^207^14^110^111^15^112^208^210^113^211^114^212^213^214^16^115^215^19^118^218^17^20^21^23^117^119^120^121^217^219^220^221^24^25^26^27^28^29^122^123^124^125^126^127^222^223^224^225^226^227,,,,,,,,,,,,,,,,,,,,,,,,
,3,19,1^2^3^4^100^101^5^6^102^200^103^7^201^8^104^105^9^202^10^203^106^107^204^11^205^12^108^109^206^13^207^14^110^111^15^112^208^210^113^211^114^212^213^214^16^115^215^19^118^218^17^20^21^23^117^119^120^121^217^219^220^221^24^25^26^27^28^29^122^123^124^125^126^127^222^223^224^225^226^227,,,,,,,,,,,,,,,,,,,,,,,,
,4,25,1^2^3^4^100^101^5^6^102^200^103^7^201^8^104^105^9^202^10^203^106^107^204^11^205^12^108^109^206^13^207^14^110^111^15^112^208^210^113^211^114^212^213^214^16^115^215^19^118^218^17^20^21^23^117^119^120^121^217^219^220^221^24^25^26^27^28^29^122^123^124^125^126^127^222^223^224^225^226^227,,,,,,,,,,,,,,,,,,,,,,,,
,5,30,1^2^3^4^100^101^5^6^102^200^103^7^201^8^104^105^9^202^10^203^106^107^204^11^205^12^108^109^206^13^207^14^110^111^15^112^208^210^113^211^114^212^213^214^16^115^215^19^118^218^17^20^21^23^117^119^120^121^217^219^220^221^24^25^26^27^28^29^122^123^124^125^126^127^222^223^224^225^226^227,,,,,,,,,,,,,,,,,,,,,,,,
,6,42,1^2^3^4^100^101^5^6^102^200^103^7^201^8^104^105^9^202^10^203^106^107^204^11^205^12^108^109^206^13^207^14^110^111^15^112^208^210^113^211^114^212^213^214^16^115^215^19^118^218^17^20^21^23^117^119^120^121^217^219^220^221^24^25^26^27^28^29^122^123^124^125^126^127^222^223^224^225^226^227,,,,,,,,,,,,,,,,,,,,,,,,
,7,50,1^2^3^4^100^101^5^6^102^200^103^7^201^8^104^105^9^202^10^203^106^107^204^11^205^12^108^109^206^13^207^14^110^111^15^112^208^210^113^211^114^212^213^214^16^115^215^19^118^218^17^20^21^23^117^119^120^121^217^219^220^221^24^25^26^27^28^29^122^123^124^125^126^127^222^223^224^225^226^227,,,,,,,,,,,,,,,,,,,,,,,,
// 뽑기 리스트에서 New 라벨 붙일 동물들,,,,,,,,,,,,,,,,,,,,,,,,,,,
label(petbbopgi_new),code,,,,,,,,,,,,,,,,,,,,,,,,,,
,227,,,,,,,,,,,,,,,,,,,,,,,,,,
,226,,,,,,,,,,,,,,,,,,,,,,,,,,
,223,,,,,,,,,,,,,,,,,,,,,,,,,,
,225,,,,,,,,,,,,,,,,,,,,,,,,,,
,224,,,,,,,,,,,,,,,,,,,,,,,,,,
,222,,,,,,,,,,,,,,,,,,,,,,,,,,
,127,,,,,,,,,,,,,,,,,,,,,,,,,,
,126,,,,,,,,,,,,,,,,,,,,,,,,,,
,123,,,,,,,,,,,,,,,,,,,,,,,,,,
,125,,,,,,,,,,,,,,,,,,,,,,,,,,
,124,,,,,,,,,,,,,,,,,,,,,,,,,,
,122,,,,,,,,,,,,,,,,,,,,,,,,,,
,29,,,,,,,,,,,,,,,,,,,,,,,,,,
,28,,,,,,,,,,,,,,,,,,,,,,,,,,
,25,,,,,,,,,,,,,,,,,,,,,,,,,,
,27,,,,,,,,,,,,,,,,,,,,,,,,,,
,26,,,,,,,,,,,,,,,,,,,,,,,,,,
,24,,,,,,,,,,,,,,,,,,,,,,,,,,
// 촉진제 포지션 능력치,,감소 시간 및 해당 촉진제 번호,p0~p8 자리번호,,,,,,,,,,,,,,,,,,,,,,,,
label(boosterability),code,p0,p1,p2,p3,p4,p5,p6,p7,p8,,,,,,,,,,,,,,,,,
,1100,100,400,100,400,700,400,100,400,100,,,,,,,,,,,,,,,,,
,1101,600,900,600,900,1200,900,600,900,600,,,,,,,,,,,,,,,,,
,1102,1100,1400,1100,1400,1700,1400,1100,1400,1100,,,,,,,,,,,,,,,,,
,1103,1600,1900,1600,1900,2200,1900,1600,1900,1600,,,,,,,,,,,,,,,,,
// 레벨업시 오픈 정보,,카테고리 ^ 값 ^ 멘트,// 왠만하면 8개 max로 해주세요 ' 드래그 기능넣어봤는데 제가 강제로 정렬한거랑 충돌이 있어어 수정이 좀 걸릴꺼 같습니다. ( 드래그 들어갈 경우 ),,,,,,,,,,,,,,,,,,,,,,,,
label(levelopeninfo),lv,p1,p2,p3,p4,p5,p6,p7,p8,,,,,,,,,,,,,,,,,,
,2,1^2^1,60^6102^60,-1,-1,-1,-1,-1,-1,,,,,,,,,,,,,,,,,,
,3,1^3^1,100010^0^100010,100030^1^100030,60^6103^60,-1,-1,-1,-1,,,,,,,,,,,,,,,,,,
,4,3^602^3,60^6104^60,-1,-1,-1,-1,-1,-1,,,,,,,,,,,,,,,,,,
,5,1^103^1,4^1400^4,60^6303^60,-1,-1,-1,-1,-1,,,,,,,,,,,,,,,,,,
,6,100010^0^100010,100030^1^100030,60^6105^60,-1,-1,-1,-1,-1,,,,,,,,,,,,,,,,,,
,7,60^6304^60,-1,-1,-1,-1,-1,-1,-1,,,,,,,,,,,,,,,,,,
,8,1^105^1,60^6106^60,-1,-1,-1,-1,-1,-1,,,,,,,,,,,,,,,,,,
,9,100010^0^100010,100030^1^100030,60^6305^60,-1,-1,-1,-1,-1,,,,,,,,,,,,,,,,,,
,10,1^4^1,3^603^3,4^1400^4,60^6107^60,100020^1^100020,-1,-1,-1,,,,,,,,,,,,,,,,,,
,11,1^107^1,60^6306^60,-1,-1,-1,-1,-1,-1,,,,,,,,,,,,,,,,,,
,12,100010^0^100010,60^6108^60,-1,-1,-1,-1,-1,-1,,,,,,,,,,,,,,,,,,
,13,60^6307^60,-1,-1,-1,-1,-1,-1,-1,,,,,,,,,,,,,,,,,,
,14,1^109^1,60^6109^60,-1,-1,-1,-1,-1,-1,,,,,,,,,,,,,,,,,,
,15,3^604^3,4^1400^4,60^6308^60,100020^2^100020,-1,-1,-1,-1,,,,,,,,,,,,,,,,,,
,16,1^6^1,100030^1^100030,60^6110^60,-1,-1,-1,-1,-1,,,,,,,,,,,,,,,,,,
,17,60^6309^60,-1,-1,-1,-1,-1,-1,-1,,,,,,,,,,,,,,,,,,
,18,60^6111^60,-1,-1,-1,-1,-1,-1,-1,,,,,,,,,,,,,,,,,,
,19,1^111^1,60^6310^60,-1,-1,-1,-1,-1,-1,,,,,,,,,,,,,,,,,,
,20,4^1400^4,60^6112^60,100020^3^100020,-1,-1,-1,-1,-1,,,,,,,,,,,,,,,,,,
,21,60^6311^60,-1,-1,-1,-1,-1,-1,-1,,,,,,,,,,,,,,,,,,
,22,1^8^1,60^6113^60,-1,-1,-1,-1,-1,-1,,,,,,,,,,,,,,,,,,
,23,60^6312^60,-1,-1,-1,-1,-1,-1,-1,,,,,,,,,,,,,,,,,,
,24,100030^1^100030,60^6114^60,-1,-1,-1,-1,-1,-1,,,,,,,,,,,,,,,,,,
,25,3^605^3,4^1400^4,60^6313^60,100020^4^100020,-1,-1,-1,-1,,,,,,,,,,,,,,,,,,
,26,60^6208^60,-1,-1,-1,-1,-1,-1,-1,,,,,,,,,,,,,,,,,,
,27,60^6115^60,-1,-1,-1,-1,-1,-1,-1,,,,,,,,,,,,,,,,,,
,28,1^10^1,60^6209^60,-1,-1,-1,-1,-1,-1,,,,,,,,,,,,,,,,,,
,29,60^6315^60,-1,-1,-1,-1,-1,-1,-1,,,,,,,,,,,,,,,,,,
,30,60^6116^60,-1,-1,-1,-1,-1,-1,-1,,,,,,,,,,,,,,,,,,
,31,60^6316^60,-1,-1,-1,-1,-1,-1,-1,,,,,,,,,,,,,,,,,,
,32,60^6211^60,-1,-1,-1,-1,-1,-1,-1,,,,,,,,,,,,,,,,,,
,33,60^6117^60,-1,-1,-1,-1,-1,-1,-1,,,,,,,,,,,,,,,,,,
,34,100030^1^100030,60^6212^60,-1,-1,-1,-1,-1,-1,,,,,,,,,,,,,,,,,,
,35,60^6317^60,-1,-1,-1,-1,-1,-1,-1,,,,,,,,,,,,,,,,,,
,36,60^6118^60,-1,-1,-1,-1,-1,-1,-1,,,,,,,,,,,,,,,,,,
,37,60^6518^60,-1,-1,-1,-1,-1,-1,-1,,,,,,,,,,,,,,,,,,
,38,60^6214^60,-1,-1,-1,-1,-1,-1,-1,,,,,,,,,,,,,,,,,,
,39,60^6318^60,-1,-1,-1,-1,-1,-1,-1,,,,,,,,,,,,,,,,,,
,40,60^6119^60,-1,-1,-1,-1,-1,-1,-1,,,,,,,,,,,,,,,,,,
,41,60^6519^60,-1,-1,-1,-1,-1,-1,-1,,,,,,,,,,,,,,,,,,
,42,60^6216^60,-1,-1,-1,-1,-1,-1,-1,,,,,,,,,,,,,,,,,,
,43,60^6319^60,-1,-1,-1,-1,-1,-1,-1,,,,,,,,,,,,,,,,,,
,44,60^6217^60,-1,-1,-1,-1,-1,-1,-1,,,,,,,,,,,,,,,,,,
,45,60^6120^60,-1,-1,-1,-1,-1,-1,-1,,,,,,,,,,,,,,,,,,
,46,60^6218^60,-1,-1,-1,-1,-1,-1,-1,,,,,,,,,,,,,,,,,,
,47,60^6320^60,-1,-1,-1,-1,-1,-1,-1,,,,,,,,,,,,,,,,,,
,48,60^6219^60,-1,-1,-1,-1,-1,-1,-1,,,,,,,,,,,,,,,,,,
,49,60^6219^60,-1,-1,-1,-1,-1,-1,-1,,,,,,,,,,,,,,,,,,
,50,60^6219^60,-1,-1,-1,-1,-1,-1,-1,,,,,,,,,,,,,,,,,,
,51,60^6219^60,-1,-1,-1,-1,-1,-1,-1,,,,,,,,,,,,,,,,,,
,52,60^6219^60,-1,-1,-1,-1,-1,-1,-1,,,,,,,,,,,,,,,,,,
,53,60^6219^60,-1,-1,-1,-1,-1,-1,-1,,,,,,,,,,,,,,,,,,
,54,60^6219^60,-1,-1,-1,-1,-1,-1,-1,,,,,,,,,,,,,,,,,,
,55,60^6219^60,-1,-1,-1,-1,-1,-1,-1,,,,,,,,,,,,,,,,,,
,56,60^6219^60,-1,-1,-1,-1,-1,-1,-1,,,,,,,,,,,,,,,,,,
,57,60^6219^60,-1,-1,-1,-1,-1,-1,-1,,,,,,,,,,,,,,,,,,
,58,60^6219^60,-1,-1,-1,-1,-1,-1,-1,,,,,,,,,,,,,,,,,,
,59,60^6219^60,-1,-1,-1,-1,-1,-1,-1,,,,,,,,,,,,,,,,,,
,60,60^6219^60,-1,-1,-1,-1,-1,-1,-1,,,,,,,,,,,,,,,,,,
,61,60^6219^60,-1,-1,-1,-1,-1,-1,-1,,,,,,,,,,,,,,,,,,
,62,60^6219^60,-1,-1,-1,-1,-1,-1,-1,,,,,,,,,,,,,,,,,,
,63,60^6219^60,-1,-1,-1,-1,-1,-1,-1,,,,,,,,,,,,,,,,,,
,64,60^6219^60,-1,-1,-1,-1,-1,-1,-1,,,,,,,,,,,,,,,,,,
,65,60^6219^60,-1,-1,-1,-1,-1,-1,-1,,,,,,,,,,,,,,,,,,
,66,60^6219^60,-1,-1,-1,-1,-1,-1,-1,,,,,,,,,,,,,,,,,,
,67,60^6219^60,-1,-1,-1,-1,-1,-1,-1,,,,,,,,,,,,,,,,,,
,68,60^6219^60,-1,-1,-1,-1,-1,-1,-1,,,,,,,,,,,,,,,,,,
,69,60^6219^60,-1,-1,-1,-1,-1,-1,-1,,,,,,,,,,,,,,,,,,
,70,60^6219^60,-1,-1,-1,-1,-1,-1,-1,,,,,,,,,,,,,,,,,,
// 오픈 멘트,,,,,,,,,,,,,,,,,,,,,,,,,,,
label(levelopenment),code,ment,,,,,,,,,,,,,,,,,,,,,,,,,
,1,상점에 새로운^가축이 들어왔어요!,,,,,,,,,,,,,,,,,,,,,,,,,
,3,경작지에 새로운^작물을 키울 수 있어요!,,,,,,,,,,,,,,,,,,,,,,,,,
,4,상점에 새로운^액세서리가 들어왔어요!,,,,,,,,,,,,,,,,,,,,,,,,,
,60,새로운 업그레이드가^가능해졌어요!,,,,,,,,,,,,,,,,,,,,,,,,,
,100000,이제 새로운^상인이 등장해요!,,,,,,,,,,,,,,,,,,,,,,,,,
,100010,목장에 가축을^추가로 배치할 수 있어요!,,,,,,,,,,,,,,,,,,,,,,,,,
,100020,이제 더 강한^늑대가 등장해요!,,,,,,,,,,,,,,,,,,,,,,,,,
,100030,새로운 주택으로^향상 가능해요!,,,,,,,,,,,,,,,,,,,,,,,,,
,100040,일반 교배에서^새로운 가축 등장!,,,,,,,,,,,,,,,,,,,,,,,,,
,990,10레벨^가축 오픈,,,,,,,,,,,,,,,,,,,,,,,,,
,991,20레벨^가축 오픈,,,,,,,,,,,,,,,,,,,,,,,,,
,992,30레벨^가축 오픈,,,,,,,,,,,,,,,,,,,,,,,,,
,993,40레벨^가축 오픈,,,,,,,,,,,,,,,,,,,,,,,,,
,// 수집 목장,// 보너스 오픈 상인,// 보너스 코인,// 보너스 상위 등장 보너스,,,,,,,,,,,,,,,,,,,,,,,
label(mojangopenbonus),mokjang,bopen,bcoin,bhigh,hidden_item_code,,,,,,,,,,,,,,,,,,,,,,
,-1,0,0,0,-1,,,,,,,,,,,,,,,,,,,,,,
,6900^6901^6902,1,0,0,-1,,,,,,,,,,,,,,,,,,,,,,
,6903^6904^6905,2,0,0,-1,,,,,,,,,,,,,,,,,,,,,,
,6906^6907^6908^6909^6910,-1,5,10,1000,,,,,,,,,,,,,,,,,,,,,,
,6911^6912^6913,3,0,0,-1,,,,,,,,,,,,,,,,,,,,,,
,6914^6915^6916,4,0,0,-1,,,,,,,,,,,,,,,,,,,,,,
,6917^6918^6919,5,0,0,-1,,,,,,,,,,,,,,,,,,,,,,
,6920^6921^6922^6923,-1,5,5,1001,,,,,,,,,,,,,,,,,,,,,,
,6924^6925^6926^6927^6928^6929,6,0,0,-1,,,,,,,,,,,,,,,,,,,,,,
,6930^6931^6932^6933,7,0,0,-1,,,,,,,,,,,,,,,,,,,,,,
,6934^6935^6936,8,0,0,-1,,,,,,,,,,,,,,,,,,,,,,
,6937^6938^6939,9,0,0,-1,,,,,,,,,,,,,,,,,,,,,,
,6940^6941^6942^6943,10,0,0,-1,,,,,,,,,,,,,,,,,,,,,,
,6944^6945^6946,11,0,0,-1,,,,,,,,,,,,,,,,,,,,,,
,6947^6948^6949^6950,12,0,0,-1,,,,,,,,,,,,,,,,,,,,,,
,6951^6952,13,0,0,-1,,,,,,,,,,,,,,,,,,,,,,
,// 플레이어 레벨,// 기본 단가,,,,,,,,,,,,,,,,,,,,,,,,,
label(danga_level),level,danga,,,,,,,,,,,,,,,,,,,,,,,,,
,1,10,,,,,,,,,,,,,,,,,,,,,,,,,
,5,11,,,,,,,,,,,,,,,,,,,,,,,,,
,10,12,,,,,,,,,,,,,,,,,,,,,,,,,
,15,13,,,,,,,,,,,,,,,,,,,,,,,,,
,20,14,,,,,,,,,,,,,,,,,,,,,,,,,
,25,15,,,,,,,,,,,,,,,,,,,,,,,,,
,30,16,,,,,,,,,,,,,,,,,,,,,,,,,
,35,17,,,,,,,,,,,,,,,,,,,,,,,,,
,40,18,,,,,,,,,,,,,,,,,,,,,,,,,
,45,19,,,,,,,,,,,,,,,,,,,,,,,,,
,50,20,,,,,,,,,,,,,,,,,,,,,,,,,
,55,21,,,,,,,,,,,,,,,,,,,,,,,,,
,60,22,,,,,,,,,,,,,,,,,,,,,,,,,
,65,24,,,,,,,,,,,,,,,,,,,,,,,,,
,70,26,,,,,,,,,,,,,,,,,,,,,,,,,
,// 상인 코드,// 얻는 경험치,,,,,,,,,,,,,,,,,,,,,,,,,
label(exp_dealer),exp,dealer_0,dealer_1,dealer_2,dealer_3,dealer_4,dealer_5,dealer_6,dealer_7,dealer_8,dealer_9,dealer_10,dealer_11,dealer_12,dealer_13,,,,,,,,,,,,
,10,5,6,7,8,9,10,13,13,13,13,13,13,13,13,,,,,,,,,,,,
,15,3,6,7,8,9,10,13,13,13,13,13,13,13,13,,,,,,,,,,,,
,20,3,6,7,8,9,10,13,13,13,13,13,13,13,13,,,,,,,,,,,,
,25,2,3,7,8,9,10,13,13,13,13,13,13,13,13,,,,,,,,,,,,
,30,0,2,3,8,9,10,13,13,13,13,13,13,13,13,,,,,,,,,,,,
,35,0,2,3,8,9,10,13,13,13,13,13,13,13,13,,,,,,,,,,,,
,40,0,2,3,3,9,10,13,13,13,13,13,13,13,13,,,,,,,,,,,,
,45,0,0,2,3,3,10,13,13,13,13,13,13,13,13,,,,,,,,,,,,
,50,0,0,0,2,3,3,13,13,13,13,13,13,13,13,,,,,,,,,,,,
,51,0,0,0,0,1,1,3,8,10,12,14,16,18,24,,,,,,,,,,,,
,52,0,0,0,0,1,1,2,8,10,12,14,16,18,24,,,,,,,,,,,,
,55,0,0,0,0,0,1,2,6,10,12,14,16,18,24,,,,,,,,,,,,
,58,0,0,0,0,0,0,2,6,10,12,14,16,18,24,,,,,,,,,,,,
,60,0,0,0,0,0,0,0,7,11,13,15,17,19,25,,,,,,,,,,,,
,63,0,0,0,0,0,0,0,8,12,14,16,18,20,26,,,,,,,,,,,,
,66,0,0,0,0,0,0,0,10,14,16,18,20,22,28,,,,,,,,,,,,
// 튜토리얼 이미지,파일 ; 파일 구분,,,,,,,,,,,,,,,,,,,,,,,,,,
label(newtutoimage),order,view_code,desc,,,,,,,,,,,,,,,,,,,,,,,,
,1,-1,이제부터 목장을 구매할 수 있습니다,,,,,,,,,,,,,,,,,,,,,,,,
,2,-1,이 곳에는 짜요 목장 이외에도^다양한 목장이 존재합니다.,,,,,,,,,,,,,,,,,,,,,,,,
,3,-1,거래를 하면서 모은 돈으로`^목장을 구매 할 수 있습니다.,,,,,,,,,,,,,,,,,,,,,,,,
,4,0,거래를 하면서 모은 [FF0000]코인[-]과 교배로 얻은 [FF0000]가축[-]으로`^목장을 구매 할 수 있습니다.,,,,,,,,,,,,,,,,,,,,,,,,
,5,1,목장을 구매하게 되면` 일정 시간마다^수입을 올릴 수 있습니다.,,,,,,,,,,,,,,,,,,,,,,,,
,6,2,뿐만 아니라 특정 지역 내의 목장을 모두 구입하면`^새로운 상인을 만날 수 있습니다.!,,,,,,,,,,,,,,,,,,,,,,,,
,7,3,새로운 상인은 거래시 더 많은 코인을 획득 가능하며`^상인 조건 만족시 더 특별한 보상을 획득 할 수 있습니다.,,,,,,,,,,,,,,,,,,,,,,,,
,8,4,뿐만 아니라 레벨도 추가로 상승가능하며^교배에서 좋은 가축을 얻을 가능성도 높아집니다.,,,,,,,,,,,,,,,,,,,,,,,,
,9,-1,지속적인 거래와 교배로 더 많은 목장을 점령해 보세요!,,,,,,,,,,,,,,,,,,,,,,,,
// 상인 연속거래 정보,,,,,,,,,,,,,,,,,,,,,,,,,,,
label(good_deal_reward),dealer_code,first_reward_coin,increase_reward_coin,max_reward_coin,,,,,,,,,,,,,,,,,,,,,,,
,0,50,50,200,,,,,,,,,,,,,,,,,,,,,,,
,1,50,50,300,,,,,,,,,,,,,,,,,,,,,,,
,2,50,50,400,,,,,,,,,,,,,,,,,,,,,,,
,3,50,50,500,,,,,,,,,,,,,,,,,,,,,,,
,4,50,50,600,,,,,,,,,,,,,,,,,,,,,,,
,5,60,50,700,,,,,,,,,,,,,,,,,,,,,,,
,6,70,50,700,,,,,,,,,,,,,,,,,,,,,,,
,7,70,50,700,,,,,,,,,,,,,,,,,,,,,,,
,8,70,50,700,,,,,,,,,,,,,,,,,,,,,,,
,9,70,50,700,,,,,,,,,,,,,,,,,,,,,,,
,10,70,50,700,,,,,,,,,,,,,,,,,,,,,,,
,11,70,50,700,,,,,,,,,,,,,,,,,,,,,,,
,12,70,50,700,,,,,,,,,,,,,,,,,,,,,,,
,13,70,50,700,,,,,,,,,,,,,,,,,,,,,,,
// 업그레이드 설명,1집,2우유탱크,3저온시설,4 축사환경개선,5 양동이,6 착유기,7 주입기,,,,,,,,,,,,,,,,,,,,
label(upgrade_desc),type,desc,sub_ability,,,,,,,,,,,,,,,,,,,,,,,,
,1,보너스 코인 획득양` 건초 보관양을 늘려줍니다.,-1,,,,,,,,,,,,,,,,,,,,,,,,
,2,신형 우유탱크로 교체하여` 보관할 수 있는 우유의 수량을 늘려줍니다.,-1,,,,,,,,,,,,,,,,,,,,,,,,
,3,저온 보관 기법으로 저장된 우유의 신선도를 높여줍니다.,-1,,,,,,,,,,,,,,,,,,,,,,,,
,4,목장의 환경을 개선하여 동물들이 질병에 걸릴 확률을 낮춰줍니다.,-1,,,,,,,,,,,,,,,,,,,,,,,,
,5, 들고 다니는 양동이의 크기를 늘려` 더 오랫동안 우유를 짤 수 있게 됩니다.,-1,,,,,,,,,,,,,,,,,,,,,,,,
,6,우유를 보다 빠르게 짤 수 있습니다. 15레벨에 도달하면 우유를 추가로 획득할 수 있습니다.,-1,,,,,,,,,,,,,,,,,,,,,,,,
,7,우유 탱크를 터치 할 때 주입되는 우유의 양을 늘려` 더 빠르게 양동이의 우유를 탱크로 옮길 수 있습니다.,-1,,,,,,,,,,,,,,,,,,,,,,,,
// 유제품 가게 정보,,,,,,,"// 조각 얻는 확률, 예) 2개면 2 * 0.5",,,,,,,,,,,,,,,,,,,,
label(market),code,name,need_farm,house_icon,product_icon,sell_value,earn_piece,,,,,,,,,,,,,,,,,,,,
,0,저지방 우유,6900-6901-6902,house00,marketItem00,10,500,,,,,,,,,,,,,,,,,,,,
,1,초코 아이스크림,6903-6904-6905,house01,marketItem01,20,500,,,,,,,,,,,,,,,,,,,,
,2,생크림 치즈 케이크,6906-6907-6908-6909-6910-6911-6912-6913-6914-6915-6916,house02,marketItem02,40,1000,,,,,,,,,,,,,,,,,,,,
,3,바나나 초코 우유,6917-6918-6919,house03,marketItem03,50,1000,,,,,,,,,,,,,,,,,,,,
,4,시나몬 치즈 케이크,6920-6921-6922-6923,house04,marketItem04,60,1000,,,,,,,,,,,,,,,,,,,,
,5,산딸기 요거트,6924-6925-6926,house05,marketItem05,70,1000,,,,,,,,,,,,,,,,,,,,
,6,쇼콜라 라떼,6927-6928-6929-6930-6931-6932-6933,house06,marketItem06,100,1500,,,,,,,,,,,,,,,,,,,,
,7,허니 피스타치오 케이크,6934-6935-6936-6937-6938-6939,house07,marketItem07,120,1500,,,,,,,,,,,,,,,,,,,,
,8,파르페,6940-6941-6942-6943,house08,marketItem08,130,2000,,,,,,,,,,,,,,,,,,,,
// 유제품 이벤트,,,// 0 : good    1 : bad,,,,,,,,,,,,,,,,,,,,,,,,
label(market_event),code,itemname,type,description,is_entire_shop,basic_coin,basic_piece,success_coin,success_piece,,,,,,,,,,,,,,,,,,
,0,인기 물품(낮음),0,약간 인기를 끌게 됨,0,50,5,100,10,,,,,,,,,,,,,,,,,,
,1,인기 물품(보통),0,꽤나 인기를 끔,0,75,7,150,14,,,,,,,,,,,,,,,,,,
,2,인기 물품(높음),0,엄청난 인기를 끔,0,100,10,200,20,,,,,,,,,,,,,,,,,,
,3,TV 방송(케이블),0,케이블 방송에서 취재를 옴,0,150,15,300,30,,,,,,,,,,,,,,,,,,
,4,TV 방송(공중파),0,공중파 방송에서 취재를 옴,1,150,5,300,10,,,,,,,,,,,,,,,,,,
,5,품귀 현상,0,"세계적으로 해당 물품 품귀 현상이 일어나, 인기를 끌게 됨",0,80,8,160,16,,,,,,,,,,,,,,,,,,
,6,2+1 행사,0,약간 빠른 속도로 물품이 판매되고 있다.,0,75,7,150,14,,,,,,,,,,,,,,,,,,
,7,1+1 행사,0,아주 빠른 속도로 물품이 판매되고 있다.,0,90,10,180,20,,,,,,,,,,,,,,,,,,
,8,특별 세일,0,순식간에 물품이 팔려나가고 있다.,1,120,5,240,10,,,,,,,,,,,,,,,,,,
,9,연예인 방문,0,모든 상점의 판매 속도가 약간 증가한다.,1,30,5,60,10,,,,,,,,,,,,,,,,,,
,10,영화배우 방문,0,모든 상점의 판매 속도가 증가한다.,1,60,5,120,10,,,,,,,,,,,,,,,,,,
,11,프리미엄,0,해당 제품에 프리미엄이 붙어나간다.,0,110,10,220,20,,,,,,,,,,,,,,,,,,
,12,고가 정책,0,비싼값에 판매하여 부유층을 공략,0,200,15,400,30,,,,,,,,,,,,,,,,,,
,13,갑부 방문,0,갑부가 방문하여 대량 구매,0,100,5,200,10,,,,,,,,,,,,,,,,,,
,14,상품 홍보,0,적극적 홍보로 판매 금액 상승,0,50,5,100,10,,,,,,,,,,,,,,,,,,
,15,대형 마케팅,0,적극적 홍보로 판매 금액 상승,1,75,5,150,10,,,,,,,,,,,,,,,,,,
,16,올해의 제품선정,0,여러 매체에서 올해의 제품으로 선정되어 인기가 늘어남,0,120,10,240,20,,,,,,,,,,,,,,,,,,
,17,진상 손님,1,먹고 남은 제품을 환불해 달라는 손님이 찾아왔다.,0,-10,-2,-20,-6,,,,,,,,,,,,,,,,,,
,18,진상 떼거리,1,진상 손님이 한명도 아니고 여러명,1,-30,-1,-60,-3,,,,,,,,,,,,,,,,,,
,19,유제품 파동,1,세계적으로 가축 질병이 돌아 판매량이 감소했다.,1,-15,-2,-30,-6,,,,,,,,,,,,,,,,,,
,20,직원 휴가,1,갑자기 직원이 그만 두어 판매에 차질이 생기게 되었다.,0,-20,-2,-40,-6,,,,,,,,,,,,,,,,,,
,21,어리버리 신입,1,신입 직원의 실수 연발로 손님이 줄었다.,0,-5,-1,-10,-3,,,,,,,,,,,,,,,,,,
,22,판매 난항,1,생각보다 제품이 팔리지 않는다.,0,-10,-3,-20,-9,,,,,,,,,,,,,,,,,,
,23,판매 불황,1,유제품 인기가 줄어들고 있다.,1,-20,-1,-40,-3,,,,,,,,,,,,,,,,,,
,24,경제 불황,1,경제 불황으로 전체적인 손님 숫자가 줄어들고 있다.,1,-15,-2,-30,-6,,,,,,,,,,,,,,,,,,
,25,다이어트 열풍,1,뜬금 없는 다이어트 열풍 덕에 유제품 판매량이 줄고 있다.,1,-5,-1,-10,-3,,,,,,,,,,,,,,,,,,
,26,까다로운 손님,1,아주 까다로운 손님이 방문하여 트집을 잡고 있다.,0,-10,-5,-20,-15,,,,,,,,,,,,,,,,,,
,27,고객 항의,1,고객들이 모여 단체로 항의를 하고 있어 판매량이 줄어든다.,1,-20,-2,-40,-6,,,,,,,,,,,,,,,,,,
,28,결함 제품,1,하자가 있는 제품이 발견되었다.,0,-40,-3,-80,-9,,,,,,,,,,,,,,,,,,
,29,직원 데모,1,직원들이 아무 이유 없는 데모를 시작하여 위기가 닥쳐왔다.,1,-20,-1,-40,-3,,,,,,,,,,,,,,,,,,
