//,,,,없음(0),,없음(0),,기본 등급(0),,,,,,,,,,,,,,,,,,,,
//,,장착템(1),헬멧(1) ~ 양말(13),장착인벤(1),,상점용(1),,돌 등급(1),,,,단일템(0),,,,,,,,,,,,,,,,
//,,조각템(15),헬멧 조각(15) ~,조각인벤(2),,,,동 등급(2),,,,멀티템(1),,,,,,,,,,,,,,,,
//,,,,소비인벤(3),,,,은 등급(3),,,,,,,,,,,,,,,,,,,,
//,,,,정보용(60),,,,금 등급(4),,,,,,,,,,,,,,,,,,,,
//,,,,,,,,티타늄 등급(5),,,,,,,,,,,,,,,,,,,,
//,,,,,,,,,,,,,,,,,,,,,,,,,,,,
//,,,,,,,,,,,,,,,,,,,,,,,,,,,,
//,,,,,,,,,,,,,,,,,,,,,,,,,,,,
//,4000,소모품(40),,,,,,,,,,,,,,,,,,,,,,,,,,
//,5000,다이아(50),,,,,,,,,,,,,,,,,xxx100 ->    1/100,,,,,,,,,
//label(version),version,,,,,,,,,,,,,,,,,,xxx1000 -> 1/ 1000,,,,,,,,,
//,100,,,,,,,,,,,,,,,,,,,,,,,,,,,
//,필수(50000 ~ 59999(관리자가 입력:테이블사용불가),,,,,,,,,,,,,,,단일가격,,,,,,,,,,,,
//,아이템 코드,카테고리,서브 카테고리,장착 슬롯,아이템 이름,사용 여부,상단게시,등급,세일여부,아이콘,판매요구 레벨,더미파트,더미파트,캐쉬가격(다이아),1회구매수량,판매,아이템 설명,어느박스에서 획득,얻을수 있는 확률,경험치 100,세트번호,세트추가경험치(헬멧에만 있음),초월성공,초월실패유지,초월실패파괴,초월획득템,,
label(wearpart),itemcode,category,subcategory,equpslot,itemname,activate,toplist,grade,discount,icon,playerlv,multistate,gamecost,cashcost,buyamount,sellcost,description,getbox,getpercent1000,expincrease100,setcode,setplusexp100,evolsuccess,evolfailkeep,evolfaildestroy,evolgetitem,,
,100,장착템(1),헬멧(1),장착인벤(1),기본 헬멧,없음(0),0,기본 등급(0),0,100,0,0,0,0,1,0,기본으로 지급되는 장비,없음(-1),0,0,-1,0,0,1000,0,-1,,
,101,장착템(1),헬멧(1),장착인벤(1),돌 헬멧,없음(0),0,돌 등급(1),0,101,0,0,0,0,1,0,돌 조각으로 조합한 장비,돌 의상 랜덤박스(4100),1,35,0,45,10,495,495,102,,
,102,장착템(1),헬멧(1),장착인벤(1),동 헬멧,없음(0),0,동 등급(2),0,102,0,0,0,0,1,0,동 조각으로 조합한 장비,동 의상 랜덤박스(4101),1,70,1,90,10,495,495,103,,
,103,장착템(1),헬멧(1),장착인벤(1),은 헬멧,없음(0),0,은 등급(3),0,103,0,0,0,0,1,0,은 조각으로 조합한 장비,은 의상 랜덤박스(4102),1,105,2,135,10,495,495,104,,
,104,장착템(1),헬멧(1),장착인벤(1),금 헬멧,없음(0),0,금 등급(4),0,104,0,0,0,0,1,0,금 조각으로 조합한 장비,금 의상 랜덤박스(4103),1,140,3,180,10,495,495,105,,
,105,장착템(1),헬멧(1),장착인벤(1),티타늄 헬멧,없음(0),0,티타늄 등급(5),0,105,0,0,0,0,1,0,티타늄 조각으로 조합한 장비,티타늄 의상 랜덤박스(4104),1,210,4,270,0,1000,0,-1,,
label(wearpart),itemcode,category,subcategory,equpslot,itemname,activate,toplist,grade,discount,icon,playerlv,multistate,gamecost,cashcost,buyamount,sellcost,description,getbox,getpercent1000,expincrease100,setnum,setplusexp100,evolsuccess,evolfailkeep,evolfaildestroy,evolgetitem,,
,200,장착템(1),상의(2),장착인벤(1),기본 상의,없음(0),0,기본 등급(0),0,200,0,0,0,0,1,0,기본으로 지급되는 장비,없음(-1),0,0,-1,0,0,1000,0,-1,,
,201,장착템(1),상의(2),장착인벤(1),돌 상의,없음(0),0,돌 등급(1),0,201,0,0,0,0,1,0,돌 조각으로 조합한 장비,돌 의상 랜덤박스(4100),1,35,0,0,10,495,495,202,,
,202,장착템(1),상의(2),장착인벤(1),동 상의,없음(0),0,동 등급(2),0,202,0,0,0,0,1,0,동 조각으로 조합한 장비,동 의상 랜덤박스(4101),1,70,1,0,10,495,495,203,,
,203,장착템(1),상의(2),장착인벤(1),은 상의,없음(0),0,은 등급(3),0,203,0,0,0,0,1,0,은 조각으로 조합한 장비,은 의상 랜덤박스(4102),1,105,2,0,10,495,495,204,,
,204,장착템(1),상의(2),장착인벤(1),금 상의,없음(0),0,금 등급(4),0,204,0,0,0,0,1,0,금 조각으로 조합한 장비,금 의상 랜덤박스(4103),1,140,3,0,10,495,495,205,,
,205,장착템(1),상의(2),장착인벤(1),티타늄 상의,없음(0),0,티타늄 등급(5),0,205,0,0,0,0,1,0,티타늄 조각으로 조합한 장비,티타늄 의상 랜덤박스(4104),1,210,4,0,0,1000,0,-1,,
label(wearpart),itemcode,category,subcategory,equpslot,itemname,activate,toplist,grade,discount,icon,playerlv,multistate,gamecost,cashcost,buyamount,sellcost,description,getbox,getpercent1000,expincrease100,setnum,setplusexp100,evolsuccess,evolfailkeep,evolfaildestroy,evolgetitem,,
,300,장착템(1),하의(3),장착인벤(1),기본 하의,없음(0),0,기본 등급(0),0,300,0,0,0,0,1,0,기본으로 지급되는 장비,없음(-1),0,0,-1,0,0,1000,0,-1,,
,301,장착템(1),하의(3),장착인벤(1),돌 하의,없음(0),0,돌 등급(1),0,301,0,0,0,0,1,0,돌 조각으로 조합한 장비,돌 의상 랜덤박스(4100),1,35,0,0,10,495,495,302,,
,302,장착템(1),하의(3),장착인벤(1),동 하의,없음(0),0,동 등급(2),0,302,0,0,0,0,1,0,동 조각으로 조합한 장비,동 의상 랜덤박스(4101),1,70,1,0,10,495,495,303,,
,303,장착템(1),하의(3),장착인벤(1),은 하의,없음(0),0,은 등급(3),0,303,0,0,0,0,1,0,은 조각으로 조합한 장비,은 의상 랜덤박스(4102),1,105,2,0,10,495,495,304,,
,304,장착템(1),하의(3),장착인벤(1),금 하의,없음(0),0,금 등급(4),0,304,0,0,0,0,1,0,금 조각으로 조합한 장비,금 의상 랜덤박스(4103),1,140,3,0,10,495,495,305,,
,305,장착템(1),하의(3),장착인벤(1),티타늄 하의,없음(0),0,티타늄 등급(5),0,305,0,0,0,0,1,0,티타늄 조각으로 조합한 장비,티타늄 의상 랜덤박스(4104),1,210,4,0,0,1000,0,-1,,
label(wearpart),itemcode,category,subcategory,equpslot,itemname,activate,toplist,grade,discount,icon,playerlv,multistate,gamecost,cashcost,buyamount,sellcost,description,getbox,getpercent1000,expincrease100,setnum,setplusexp100,evolsuccess,evolfailkeep,evolfaildestroy,evolgetitem,,
,400,장착템(1),장갑(4),장착인벤(1),기본 장갑,없음(0),0,기본 등급(0),0,400,0,0,0,0,1,0,기본으로 지급되는 장비,없음(-1),0,0,-1,0,0,1000,0,-1,,
,401,장착템(1),장갑(4),장착인벤(1),돌 장갑,없음(0),0,돌 등급(1),0,401,0,0,0,0,1,0,돌 조각으로 조합한 장비,돌 의상 랜덤박스(4100),1,35,0,0,10,495,495,402,,
,402,장착템(1),장갑(4),장착인벤(1),동 장갑,없음(0),0,동 등급(2),0,402,0,0,0,0,1,0,동 조각으로 조합한 장비,동 의상 랜덤박스(4101),1,70,1,0,10,495,495,403,,
,403,장착템(1),장갑(4),장착인벤(1),은 장갑,없음(0),0,은 등급(3),0,403,0,0,0,0,1,0,은 조각으로 조합한 장비,은 의상 랜덤박스(4102),1,105,2,0,10,495,495,404,,
,404,장착템(1),장갑(4),장착인벤(1),금 장갑,없음(0),0,금 등급(4),0,404,0,0,0,0,1,0,금 조각으로 조합한 장비,금 의상 랜덤박스(4103),1,140,3,0,10,495,495,405,,
,405,장착템(1),장갑(4),장착인벤(1),티타늄 장갑,없음(0),0,티타늄 등급(5),0,405,0,0,0,0,1,0,티타늄 조각으로 조합한 장비,티타늄 의상 랜덤박스(4104),1,210,4,0,0,1000,0,-1,,
label(wearpart),itemcode,category,subcategory,equpslot,itemname,activate,toplist,grade,discount,icon,playerlv,multistate,gamecost,cashcost,buyamount,sellcost,description,getbox,getpercent1000,expincrease100,setnum,setplusexp100,evolsuccess,evolfailkeep,evolfaildestroy,evolgetitem,,
,500,장착템(1),신발(5),장착인벤(1),기본 신발,없음(0),0,기본 등급(0),0,500,0,0,0,0,1,0,기본으로 지급되는 장비,없음(-1),0,0,-1,0,0,1000,0,-1,,
,501,장착템(1),신발(5),장착인벤(1),돌 신발,없음(0),0,돌 등급(1),0,501,0,0,0,0,1,0,돌 조각으로 조합한 장비,돌 의상 랜덤박스(4100),1,35,0,0,10,495,495,502,,
,502,장착템(1),신발(5),장착인벤(1),동 신발,없음(0),0,동 등급(2),0,502,0,0,0,0,1,0,동 조각으로 조합한 장비,동 의상 랜덤박스(4101),1,70,1,0,10,495,495,503,,
,503,장착템(1),신발(5),장착인벤(1),은 신발,없음(0),0,은 등급(3),0,503,0,0,0,0,1,0,은 조각으로 조합한 장비,은 의상 랜덤박스(4102),1,105,2,0,10,495,495,504,,
,504,장착템(1),신발(5),장착인벤(1),금 신발,없음(0),0,금 등급(4),0,504,0,0,0,0,1,0,금 조각으로 조합한 장비,금 의상 랜덤박스(4103),1,140,3,0,10,495,495,505,,
,505,장착템(1),신발(5),장착인벤(1),티타늄 신발,없음(0),0,티타늄 등급(5),0,505,0,0,0,0,1,0,티타늄 조각으로 조합한 장비,티타늄 의상 랜덤박스(4104),1,210,4,0,0,1000,0,-1,,
label(wearpart),itemcode,category,subcategory,equpslot,itemname,activate,toplist,grade,discount,icon,playerlv,multistate,gamecost,cashcost,buyamount,sellcost,description,getbox,getpercent1000,expincrease100,setnum,setplusexp100,evolsuccess,evolfailkeep,evolfaildestroy,evolgetitem,,
,600,장착템(1),방망이(6),장착인벤(1),기본 방망이,없음(0),0,기본 등급(0),0,600,0,0,0,0,1,0,기본으로 지급되는 장비,없음(-1),0,0,-1,0,0,1000,0,-1,,
,601,장착템(1),방망이(6),장착인벤(1),돌 방망이,없음(0),0,돌 등급(1),0,601,0,0,0,0,1,0,돌 조각으로 조합한 장비,돌 의상 랜덤박스(4100),1,35,0,0,10,495,495,602,,
,602,장착템(1),방망이(6),장착인벤(1),동 방망이,없음(0),0,동 등급(2),0,602,0,0,0,0,1,0,동 조각으로 조합한 장비,동 의상 랜덤박스(4101),1,70,1,0,10,495,495,603,,
,603,장착템(1),방망이(6),장착인벤(1),은 방망이,없음(0),0,은 등급(3),0,603,0,0,0,0,1,0,은 조각으로 조합한 장비,은 의상 랜덤박스(4102),1,105,2,0,10,495,495,604,,
,604,장착템(1),방망이(6),장착인벤(1),금 방망이,없음(0),0,금 등급(4),0,604,0,0,0,0,1,0,금 조각으로 조합한 장비,금 의상 랜덤박스(4103),1,140,3,0,10,495,495,605,,
,605,장착템(1),방망이(6),장착인벤(1),티타늄 방망이,없음(0),0,티타늄 등급(5),0,605,0,0,0,0,1,0,티타늄 조각으로 조합한 장비,티타늄 의상 랜덤박스(4104),1,210,4,0,0,1000,0,-1,,
label(wearpart),itemcode,category,subcategory,equpslot,itemname,activate,toplist,grade,discount,icon,playerlv,multistate,gamecost,cashcost,buyamount,sellcost,description,getbox,getpercent1000,expincrease100,setnum,setplusexp100,evolsuccess,evolfailkeep,evolfaildestroy,evolgetitem,,
,700,장착템(1),색깔공(7),장착인벤(1),기본 색깔공,없음(0),0,기본 등급(0),0,700,0,0,0,0,1,0,기본으로 지급되는 장비,없음(-1),0,0,-1,0,0,1000,0,-1,,
,701,장착템(1),색깔공(7),장착인벤(1),돌 색깔공,없음(0),0,돌 등급(1),0,701,0,0,0,0,1,0,돌 조각으로 조합한 장비,돌 의상 랜덤박스(4100),1,35,0,0,10,495,495,702,,
,702,장착템(1),색깔공(7),장착인벤(1),동 색깔공,없음(0),0,동 등급(2),0,702,0,0,0,0,1,0,동 조각으로 조합한 장비,동 의상 랜덤박스(4101),1,70,1,0,10,495,495,703,,
,703,장착템(1),색깔공(7),장착인벤(1),은 색깔공,없음(0),0,은 등급(3),0,703,0,0,0,0,1,0,은 조각으로 조합한 장비,은 의상 랜덤박스(4102),1,105,2,0,10,495,495,704,,
,704,장착템(1),색깔공(7),장착인벤(1),금 색깔공,없음(0),0,금 등급(4),0,704,0,0,0,0,1,0,금 조각으로 조합한 장비,금 의상 랜덤박스(4103),1,140,3,0,10,495,495,705,,
,705,장착템(1),색깔공(7),장착인벤(1),티타늄 색깔공,없음(0),0,티타늄 등급(5),0,705,0,0,0,0,1,0,티타늄 조각으로 조합한 장비,티타늄 의상 랜덤박스(4104),1,210,4,0,0,1000,0,-1,,
label(wearpart),itemcode,category,subcategory,equpslot,itemname,activate,toplist,grade,discount,icon,playerlv,multistate,gamecost,cashcost,buyamount,sellcost,description,getbox,getpercent1000,expincrease100,setnum,setplusexp100,evolsuccess,evolfailkeep,evolfaildestroy,evolgetitem,,
,800,장착템(1),고글(8),장착인벤(1),기본 고글,없음(0),0,기본 등급(0),0,800,0,0,0,0,1,0,기본으로 지급되는 장비,없음(-1),0,0,-1,0,0,1000,0,-1,,
,801,장착템(1),고글(8),장착인벤(1),돌 고글,없음(0),0,돌 등급(1),0,801,0,0,0,0,1,0,돌 조각으로 조합한 장비,돌 의상 랜덤박스(4100),1,35,0,0,10,495,495,802,,
,802,장착템(1),고글(8),장착인벤(1),동 고글,없음(0),0,동 등급(2),0,802,0,0,0,0,1,0,동 조각으로 조합한 장비,동 의상 랜덤박스(4101),1,70,1,0,10,495,495,803,,
,803,장착템(1),고글(8),장착인벤(1),은 고글,없음(0),0,은 등급(3),0,803,0,0,0,0,1,0,은 조각으로 조합한 장비,은 의상 랜덤박스(4102),1,105,2,0,10,495,495,804,,
,804,장착템(1),고글(8),장착인벤(1),금 고글,없음(0),0,금 등급(4),0,804,0,0,0,0,1,0,금 조각으로 조합한 장비,금 의상 랜덤박스(4103),1,140,3,0,10,495,495,805,,
,805,장착템(1),고글(8),장착인벤(1),티타늄 고글,없음(0),0,티타늄 등급(5),0,805,0,0,0,0,1,0,티타늄 조각으로 조합한 장비,티타늄 의상 랜덤박스(4104),1,210,4,0,0,1000,0,-1,,
label(wearpart),itemcode,category,subcategory,equpslot,itemname,activate,toplist,grade,discount,icon,playerlv,multistate,gamecost,cashcost,buyamount,sellcost,description,getbox,getpercent1000,expincrease100,setnum,setplusexp100,evolsuccess,evolfailkeep,evolfaildestroy,evolgetitem,,
,900,장착템(1),손목 아대(9),장착인벤(1),기본 손목 아대,없음(0),0,기본 등급(0),0,900,0,0,0,0,1,0,기본으로 지급되는 장비,없음(-1),0,0,-1,0,0,1000,0,-1,,
,901,장착템(1),손목 아대(9),장착인벤(1),돌 손목 아대,없음(0),0,돌 등급(1),0,901,0,0,0,0,1,0,돌 조각으로 조합한 장비,돌 의상 랜덤박스(4100),1,35,0,0,10,495,495,902,,
,902,장착템(1),손목 아대(9),장착인벤(1),동 손목 아대,없음(0),0,동 등급(2),0,902,0,0,0,0,1,0,동 조각으로 조합한 장비,동 의상 랜덤박스(4101),1,70,1,0,10,495,495,903,,
,903,장착템(1),손목 아대(9),장착인벤(1),은 손목 아대,없음(0),0,은 등급(3),0,903,0,0,0,0,1,0,은 조각으로 조합한 장비,은 의상 랜덤박스(4102),1,105,2,0,10,495,495,904,,
,904,장착템(1),손목 아대(9),장착인벤(1),금 손목 아대,없음(0),0,금 등급(4),0,904,0,0,0,0,1,0,금 조각으로 조합한 장비,금 의상 랜덤박스(4103),1,140,3,0,10,495,495,905,,
,905,장착템(1),손목 아대(9),장착인벤(1),티타늄 손목 아대,없음(0),0,티타늄 등급(5),0,905,0,0,0,0,1,0,티타늄 조각으로 조합한 장비,티타늄 의상 랜덤박스(4104),1,210,4,0,0,1000,0,-1,,
label(wearpart),itemcode,category,subcategory,equpslot,itemname,activate,toplist,grade,discount,icon,playerlv,multistate,gamecost,cashcost,buyamount,sellcost,description,getbox,getpercent1000,expincrease100,setnum,setplusexp100,evolsuccess,evolfailkeep,evolfaildestroy,evolgetitem,,
,1000,장착템(1),팔꿈치 보호대(10),장착인벤(1),기본 팔꿈치 보호대,없음(0),0,기본 등급(0),0,1000,0,0,0,0,1,0,기본으로 지급되는 장비,없음(-1),0,0,-1,0,0,1000,0,-1,,
,1001,장착템(1),팔꿈치 보호대(10),장착인벤(1),돌 팔꿈치 보호대,없음(0),0,돌 등급(1),0,1001,0,0,0,0,1,0,돌 조각으로 조합한 장비,돌 의상 랜덤박스(4100),1,35,0,0,10,495,495,1002,,
,1002,장착템(1),팔꿈치 보호대(10),장착인벤(1),동 팔꿈치 보호대,없음(0),0,동 등급(2),0,1002,0,0,0,0,1,0,동 조각으로 조합한 장비,동 의상 랜덤박스(4101),1,70,1,0,10,495,495,1003,,
,1003,장착템(1),팔꿈치 보호대(10),장착인벤(1),은 팔꿈치 보호대,없음(0),0,은 등급(3),0,1003,0,0,0,0,1,0,은 조각으로 조합한 장비,은 의상 랜덤박스(4102),1,105,2,0,10,495,495,1004,,
,1004,장착템(1),팔꿈치 보호대(10),장착인벤(1),금 팔꿈치 보호대,없음(0),0,금 등급(4),0,1004,0,0,0,0,1,0,금 조각으로 조합한 장비,금 의상 랜덤박스(4103),1,140,3,0,10,495,495,1005,,
,1005,장착템(1),팔꿈치 보호대(10),장착인벤(1),티타늄 팔꿈치 보호대,없음(0),0,티타늄 등급(5),0,1005,0,0,0,0,1,0,티타늄 조각으로 조합한 장비,티타늄 의상 랜덤박스(4104),1,210,4,0,0,1000,0,-1,,
label(wearpart),itemcode,category,subcategory,equpslot,itemname,activate,toplist,grade,discount,icon,playerlv,multistate,gamecost,cashcost,buyamount,sellcost,description,getbox,getpercent1000,expincrease100,setnum,setplusexp100,evolsuccess,evolfailkeep,evolfaildestroy,evolgetitem,,
,1100,장착템(1),벨트(11),장착인벤(1),기본 벨트,없음(0),0,기본 등급(0),0,1100,0,0,0,0,1,0,기본으로 지급되는 장비,없음(-1),0,0,-1,0,0,1000,0,-1,,
,1101,장착템(1),벨트(11),장착인벤(1),돌 벨트,없음(0),0,돌 등급(1),0,1101,0,0,0,0,1,0,돌 조각으로 조합한 장비,돌 의상 랜덤박스(4100),1,35,0,0,10,495,495,1102,,
,1102,장착템(1),벨트(11),장착인벤(1),동 벨트,없음(0),0,동 등급(2),0,1102,0,0,0,0,1,0,동 조각으로 조합한 장비,동 의상 랜덤박스(4101),1,70,1,0,10,495,495,1103,,
,1103,장착템(1),벨트(11),장착인벤(1),은 벨트,없음(0),0,은 등급(3),0,1103,0,0,0,0,1,0,은 조각으로 조합한 장비,은 의상 랜덤박스(4102),1,105,2,0,10,495,495,1104,,
,1104,장착템(1),벨트(11),장착인벤(1),금 벨트,없음(0),0,금 등급(4),0,1104,0,0,0,0,1,0,금 조각으로 조합한 장비,금 의상 랜덤박스(4103),1,140,3,0,10,495,495,1105,,
,1105,장착템(1),벨트(11),장착인벤(1),티타늄 벨트,없음(0),0,티타늄 등급(5),0,1105,0,0,0,0,1,0,티타늄 조각으로 조합한 장비,티타늄 의상 랜덤박스(4104),1,210,4,0,0,1000,0,-1,,
label(wearpart),itemcode,category,subcategory,equpslot,itemname,activate,toplist,grade,discount,icon,playerlv,multistate,gamecost,cashcost,buyamount,sellcost,description,getbox,getpercent1000,expincrease100,setnum,setplusexp100,evolsuccess,evolfailkeep,evolfaildestroy,evolgetitem,,
,1200,장착템(1),무릎 보호대(12),장착인벤(1),기본 무릎 보호대,없음(0),0,기본 등급(0),0,1200,0,0,0,0,1,0,기본으로 지급되는 장비,없음(-1),0,0,-1,0,0,1000,0,-1,,
,1201,장착템(1),무릎 보호대(12),장착인벤(1),돌 무릎 보호대,없음(0),0,돌 등급(1),0,1201,0,0,0,0,1,0,돌 조각으로 조합한 장비,돌 의상 랜덤박스(4100),1,35,0,0,10,495,495,1202,,
,1202,장착템(1),무릎 보호대(12),장착인벤(1),동 무릎 보호대,없음(0),0,동 등급(2),0,1202,0,0,0,0,1,0,동 조각으로 조합한 장비,동 의상 랜덤박스(4101),1,70,1,0,10,495,495,1203,,
,1203,장착템(1),무릎 보호대(12),장착인벤(1),은 무릎 보호대,없음(0),0,은 등급(3),0,1203,0,0,0,0,1,0,은 조각으로 조합한 장비,은 의상 랜덤박스(4102),1,105,2,0,10,495,495,1204,,
,1204,장착템(1),무릎 보호대(12),장착인벤(1),금 무릎 보호대,없음(0),0,금 등급(4),0,1204,0,0,0,0,1,0,금 조각으로 조합한 장비,금 의상 랜덤박스(4103),1,140,3,0,10,495,495,1205,,
,1205,장착템(1),무릎 보호대(12),장착인벤(1),티타늄 무릎 보호대,없음(0),0,티타늄 등급(5),0,1205,0,0,0,0,1,0,티타늄 조각으로 조합한 장비,티타늄 의상 랜덤박스(4104),1,210,4,0,0,1000,0,-1,,
label(wearpart),itemcode,category,subcategory,equpslot,itemname,activate,toplist,grade,discount,icon,playerlv,multistate,gamecost,cashcost,buyamount,sellcost,description,getbox,getpercent1000,expincrease100,setnum,setplusexp100,evolsuccess,evolfailkeep,evolfaildestroy,evolgetitem,,
,1300,장착템(1),양말(13),장착인벤(1),기본 양말,없음(0),0,기본 등급(0),0,1300,0,0,0,0,1,0,기본으로 지급되는 장비,없음(-1),0,0,-1,0,0,1000,0,-1,,
,1301,장착템(1),양말(13),장착인벤(1),돌 양말,없음(0),0,돌 등급(1),0,1301,0,0,0,0,1,0,돌 조각으로 조합한 장비,돌 의상 랜덤박스(4100),1,35,0,0,10,495,495,1302,,
,1302,장착템(1),양말(13),장착인벤(1),동 양말,없음(0),0,동 등급(2),0,1302,0,0,0,0,1,0,동 조각으로 조합한 장비,동 의상 랜덤박스(4101),1,70,1,0,10,495,495,1303,,
,1303,장착템(1),양말(13),장착인벤(1),은 양말,없음(0),0,은 등급(3),0,1303,0,0,0,0,1,0,은 조각으로 조합한 장비,은 의상 랜덤박스(4102),1,105,2,0,10,495,495,1304,,
,1304,장착템(1),양말(13),장착인벤(1),금 양말,없음(0),0,금 등급(4),0,1304,0,0,0,0,1,0,금 조각으로 조합한 장비,금 의상 랜덤박스(4103),1,140,3,0,10,495,495,1305,,
,1305,장착템(1),양말(13),장착인벤(1),티타늄 양말,없음(0),0,티타늄 등급(5),0,1305,0,0,0,0,1,0,티타늄 조각으로 조합한 장비,티타늄 의상 랜덤박스(4104),1,210,4,0,0,1000,0,-1,,
//조각템 리스트,,,,,,,,,,,,,,,,,,어느박스에서 획득,얻을수 있는 확률,조합그룹,조합서브순서,,,,,,,
label(piecepart),itemcode,category,subcategory,equpslot,itemname,activate,toplist,grade,discount,icon,playerlv,multistate,gamecost,cashcost,buyamount,sellcost,description,getbox,getpercent1000,combcode,combsuborder,successpercent,failpercent,,,,,
,1500,조각템(15),헬멧 조각(15),조각인벤(2),돌 헬멧 조각 A,없음(0),0,돌 등급(1),0,1500,0,0,0,0,1,0,돌 랜덤박스,돌 조각 랜덤박스(4000),2435,1,1,1,99,,,,,
,1501,조각템(15),헬멧 조각(15),조각인벤(2),돌 헬멧 조각 B,없음(0),0,돌 등급(1),0,1501,0,0,0,0,1,0,돌 랜덤박스,돌 조각 랜덤박스(4000),2435,1,2,1,99,,,,,
,1502,조각템(15),헬멧 조각(15),조각인벤(2),돌 헬멧 조각 C,없음(0),0,돌 등급(1),0,1502,0,0,0,0,1,0,돌 랜덤박스,돌 조각 랜덤박스(4000),2435,1,3,1,99,,,,,
,1503,조각템(15),헬멧 조각(15),조각인벤(2),돌 헬멧 조각 D,없음(0),0,돌 등급(1),0,1503,0,0,0,0,1,0,돌 랜덤박스,돌 조각 랜덤박스(4000),395,1,4,1,99,,,,,
,1504,조각템(15),헬멧 조각(15),조각인벤(2),동 헬멧 조각 A,없음(0),0,동 등급(2),0,1504,0,0,0,1000,1,0,동 랜덤박스,동 조각 랜덤박스(4001),2425,2,1,1,99,,,,,
,1505,조각템(15),헬멧 조각(15),조각인벤(2),동 헬멧 조각 B,없음(0),0,동 등급(2),0,1505,0,0,0,1000,1,0,동 랜덤박스,동 조각 랜덤박스(4001),2425,2,2,1,99,,,,,
,1506,조각템(15),헬멧 조각(15),조각인벤(2),동 헬멧 조각 C,없음(0),0,동 등급(2),0,1506,0,0,0,1000,1,0,동 랜덤박스,동 조각 랜덤박스(4001),2425,2,3,1,99,,,,,
,1507,조각템(15),헬멧 조각(15),조각인벤(2),동 헬멧 조각 D,없음(0),0,동 등급(2),0,1507,0,0,0,1000,1,0,동 랜덤박스,동 조각 랜덤박스(4001),395,2,4,1,99,,,,,
,1508,조각템(15),헬멧 조각(15),조각인벤(2),은 헬멧 조각 A,없음(0),0,은 등급(3),0,1508,0,0,0,10000,1,0,은 랜덤박스,은 조각 랜덤박스(4002),2425,3,1,1,99,,,,,
,1509,조각템(15),헬멧 조각(15),조각인벤(2),은 헬멧 조각 B,없음(0),0,은 등급(3),0,1509,0,0,0,10000,1,0,은 랜덤박스,은 조각 랜덤박스(4002),2425,3,2,1,99,,,,,
,1510,조각템(15),헬멧 조각(15),조각인벤(2),은 헬멧 조각 C,없음(0),0,은 등급(3),0,1510,0,0,0,10000,1,0,은 랜덤박스,은 조각 랜덤박스(4002),2425,3,3,1,99,,,,,
,1511,조각템(15),헬멧 조각(15),조각인벤(2),은 헬멧 조각 D,없음(0),0,은 등급(3),0,1511,0,0,0,10000,1,0,은 랜덤박스,은 조각 랜덤박스(4002),395,3,4,1,99,,,,,
,1512,조각템(15),헬멧 조각(15),조각인벤(2),금 헬멧 조각 A,없음(0),0,금 등급(4),0,1512,0,0,0,25000,1,0,금 랜덤박스,금 조각 랜덤박스(4003),2435,4,1,1,99,,,,,
,1513,조각템(15),헬멧 조각(15),조각인벤(2),금 헬멧 조각 B,없음(0),0,금 등급(4),0,1513,0,0,0,25000,1,0,금 랜덤박스,금 조각 랜덤박스(4003),2435,4,2,1,99,,,,,
,1514,조각템(15),헬멧 조각(15),조각인벤(2),금 헬멧 조각 C,없음(0),0,금 등급(4),0,1514,0,0,0,25000,1,0,금 랜덤박스,금 조각 랜덤박스(4003),395,4,3,1,99,,,,,
,1515,조각템(15),헬멧 조각(15),조각인벤(2),금 헬멧 조각 D,없음(0),0,금 등급(4),0,1515,0,0,0,25000,1,0,금 랜덤박스,금 조각 랜덤박스(4003),2425,4,4,1,99,,,,,
,1516,조각템(15),헬멧 조각(15),조각인벤(2),티타늄 헬멧 조각 A,없음(0),0,티타늄 등급(5),0,1516,0,0,0,40000,1,0,티타늄 랜덤박스,티타늄 조각 랜덤박스(4004),2425,5,1,1,99,,,,,
,1517,조각템(15),헬멧 조각(15),조각인벤(2),티타늄 헬멧 조각 B,없음(0),0,티타늄 등급(5),0,1517,0,0,0,40000,1,0,티타늄 랜덤박스,티타늄 조각 랜덤박스(4004),2425,5,2,1,99,,,,,
,1518,조각템(15),헬멧 조각(15),조각인벤(2),티타늄 헬멧 조각 C,없음(0),0,티타늄 등급(5),0,1518,0,0,0,40000,1,0,티타늄 랜덤박스,티타늄 조각 랜덤박스(4004),2425,5,3,1,99,,,,,
,1519,조각템(15),헬멧 조각(15),조각인벤(2),티타늄 헬멧 조각 D,없음(0),0,티타늄 등급(5),0,1519,0,0,0,40000,1,0,티타늄 랜덤박스,티타늄 조각 랜덤박스(4004),395,5,4,1,99,,,,,
label(piecepart),itemcode,category,subcategory,equpslot,itemname,activate,toplist,grade,discount,icon,playerlv,multistate,gamecost,cashcost,buyamount,sellcost,description,getbox,getpercent1000,combcode,combsuborder,successpercent,failpercent,,,,,
,1600,조각템(15),상의 조각(16),조각인벤(2),돌 상의 조각 A,없음(0),0,돌 등급(1),0,1600,0,0,0,0,1,0,돌 랜덤박스,돌 조각 랜덤박스(4000),2435,6,1,1,99,,,,,
,1601,조각템(15),상의 조각(16),조각인벤(2),돌 상의 조각 B,없음(0),0,돌 등급(1),0,1601,0,0,0,0,1,0,돌 랜덤박스,돌 조각 랜덤박스(4000),2435,6,2,1,99,,,,,
,1602,조각템(15),상의 조각(16),조각인벤(2),돌 상의 조각 C,없음(0),0,돌 등급(1),0,1602,0,0,0,0,1,0,돌 랜덤박스,돌 조각 랜덤박스(4000),2435,6,3,1,99,,,,,
,1603,조각템(15),상의 조각(16),조각인벤(2),돌 상의 조각 D,없음(0),0,돌 등급(1),0,1603,0,0,0,0,1,0,돌 랜덤박스,돌 조각 랜덤박스(4000),395,6,4,1,99,,,,,
,1604,조각템(15),상의 조각(16),조각인벤(2),동 상의 조각 A,없음(0),0,동 등급(2),0,1604,0,0,0,1000,1,0,동 랜덤박스,동 조각 랜덤박스(4001),2425,7,1,1,99,,,,,
,1605,조각템(15),상의 조각(16),조각인벤(2),동 상의 조각 B,없음(0),0,동 등급(2),0,1605,0,0,0,1000,1,0,동 랜덤박스,동 조각 랜덤박스(4001),2425,7,2,1,99,,,,,
,1606,조각템(15),상의 조각(16),조각인벤(2),동 상의 조각 C,없음(0),0,동 등급(2),0,1606,0,0,0,1000,1,0,동 랜덤박스,동 조각 랜덤박스(4001),2425,7,3,1,99,,,,,
,1607,조각템(15),상의 조각(16),조각인벤(2),동 상의 조각 D,없음(0),0,동 등급(2),0,1607,0,0,0,1000,1,0,동 랜덤박스,동 조각 랜덤박스(4001),395,7,4,1,99,,,,,
,1608,조각템(15),상의 조각(16),조각인벤(2),은 상의 조각 A,없음(0),0,은 등급(3),0,1608,0,0,0,10000,1,0,은 랜덤박스,은 조각 랜덤박스(4002),2425,8,1,1,99,,,,,
,1609,조각템(15),상의 조각(16),조각인벤(2),은 상의 조각 B,없음(0),0,은 등급(3),0,1609,0,0,0,10000,1,0,은 랜덤박스,은 조각 랜덤박스(4002),2425,8,2,1,99,,,,,
,1610,조각템(15),상의 조각(16),조각인벤(2),은 상의 조각 C,없음(0),0,은 등급(3),0,1610,0,0,0,10000,1,0,은 랜덤박스,은 조각 랜덤박스(4002),2425,8,3,1,99,,,,,
,1611,조각템(15),상의 조각(16),조각인벤(2),은 상의 조각 D,없음(0),0,은 등급(3),0,1611,0,0,0,10000,1,0,은 랜덤박스,은 조각 랜덤박스(4002),395,8,4,1,99,,,,,
,1612,조각템(15),상의 조각(16),조각인벤(2),금 상의 조각 A,없음(0),0,금 등급(4),0,1612,0,0,0,25000,1,0,금 랜덤박스,금 조각 랜덤박스(4003),2435,9,1,1,99,,,,,
,1613,조각템(15),상의 조각(16),조각인벤(2),금 상의 조각 B,없음(0),0,금 등급(4),0,1613,0,0,0,25000,1,0,금 랜덤박스,금 조각 랜덤박스(4003),2435,9,2,1,99,,,,,
,1614,조각템(15),상의 조각(16),조각인벤(2),금 상의 조각 C,없음(0),0,금 등급(4),0,1614,0,0,0,25000,1,0,금 랜덤박스,금 조각 랜덤박스(4003),395,9,3,1,99,,,,,
,1615,조각템(15),상의 조각(16),조각인벤(2),금 상의 조각 D,없음(0),0,금 등급(4),0,1615,0,0,0,25000,1,0,금 랜덤박스,금 조각 랜덤박스(4003),2425,9,4,1,99,,,,,
,1616,조각템(15),상의 조각(16),조각인벤(2),티타늄 상의 조각 A,없음(0),0,티타늄 등급(5),0,1616,0,0,0,40000,1,0,티타늄 랜덤박스,티타늄 조각 랜덤박스(4004),2425,10,1,1,99,,,,,
,1617,조각템(15),상의 조각(16),조각인벤(2),티타늄 상의 조각 B,없음(0),0,티타늄 등급(5),0,1617,0,0,0,40000,1,0,티타늄 랜덤박스,티타늄 조각 랜덤박스(4004),2425,10,2,1,99,,,,,
,1618,조각템(15),상의 조각(16),조각인벤(2),티타늄 상의 조각 C,없음(0),0,티타늄 등급(5),0,1618,0,0,0,40000,1,0,티타늄 랜덤박스,티타늄 조각 랜덤박스(4004),2425,10,3,1,99,,,,,
,1619,조각템(15),상의 조각(16),조각인벤(2),티타늄 상의 조각 D,없음(0),0,티타늄 등급(5),0,1619,0,0,0,40000,1,0,티타늄 랜덤박스,티타늄 조각 랜덤박스(4004),395,10,4,1,99,,,,,
label(piecepart),itemcode,category,subcategory,equpslot,itemname,activate,toplist,grade,discount,icon,playerlv,multistate,gamecost,cashcost,buyamount,sellcost,description,getbox,getpercent1000,combcode,combsuborder,successpercent,failpercent,,,,,
,1700,조각템(15),하의 조각(17),조각인벤(2),돌 하의 조각 A,없음(0),0,돌 등급(1),0,1700,0,0,0,0,1,0,돌 랜덤박스,돌 조각 랜덤박스(4000),2435,11,1,1,99,,,,,
,1701,조각템(15),하의 조각(17),조각인벤(2),돌 하의 조각 B,없음(0),0,돌 등급(1),0,1701,0,0,0,0,1,0,돌 랜덤박스,돌 조각 랜덤박스(4000),2435,11,2,1,99,,,,,
,1702,조각템(15),하의 조각(17),조각인벤(2),돌 하의 조각 C,없음(0),0,돌 등급(1),0,1702,0,0,0,0,1,0,돌 랜덤박스,돌 조각 랜덤박스(4000),2435,11,3,1,99,,,,,
,1703,조각템(15),하의 조각(17),조각인벤(2),돌 하의 조각 D,없음(0),0,돌 등급(1),0,1703,0,0,0,0,1,0,돌 랜덤박스,돌 조각 랜덤박스(4000),395,11,4,1,99,,,,,
,1704,조각템(15),하의 조각(17),조각인벤(2),동 하의 조각 A,없음(0),0,동 등급(2),0,1704,0,0,0,1000,1,0,동 랜덤박스,동 조각 랜덤박스(4001),2425,12,1,1,99,,,,,
,1705,조각템(15),하의 조각(17),조각인벤(2),동 하의 조각 B,없음(0),0,동 등급(2),0,1705,0,0,0,1000,1,0,동 랜덤박스,동 조각 랜덤박스(4001),2425,12,2,1,99,,,,,
,1706,조각템(15),하의 조각(17),조각인벤(2),동 하의 조각 C,없음(0),0,동 등급(2),0,1706,0,0,0,1000,1,0,동 랜덤박스,동 조각 랜덤박스(4001),2425,12,3,1,99,,,,,
,1707,조각템(15),하의 조각(17),조각인벤(2),동 하의 조각 D,없음(0),0,동 등급(2),0,1707,0,0,0,1000,1,0,동 랜덤박스,동 조각 랜덤박스(4001),395,12,4,1,99,,,,,
,1708,조각템(15),하의 조각(17),조각인벤(2),은 하의 조각 A,없음(0),0,은 등급(3),0,1708,0,0,0,10000,1,0,은 랜덤박스,은 조각 랜덤박스(4002),2425,13,1,1,99,,,,,
,1709,조각템(15),하의 조각(17),조각인벤(2),은 하의 조각 B,없음(0),0,은 등급(3),0,1709,0,0,0,10000,1,0,은 랜덤박스,은 조각 랜덤박스(4002),2425,13,2,1,99,,,,,
,1710,조각템(15),하의 조각(17),조각인벤(2),은 하의 조각 C,없음(0),0,은 등급(3),0,1710,0,0,0,10000,1,0,은 랜덤박스,은 조각 랜덤박스(4002),2425,13,3,1,99,,,,,
,1711,조각템(15),하의 조각(17),조각인벤(2),은 하의 조각 D,없음(0),0,은 등급(3),0,1711,0,0,0,10000,1,0,은 랜덤박스,은 조각 랜덤박스(4002),395,13,4,1,99,,,,,
,1712,조각템(15),하의 조각(17),조각인벤(2),금 하의 조각 A,없음(0),0,금 등급(4),0,1712,0,0,0,25000,1,0,금 랜덤박스,금 조각 랜덤박스(4003),2435,14,1,1,99,,,,,
,1713,조각템(15),하의 조각(17),조각인벤(2),금 하의 조각 B,없음(0),0,금 등급(4),0,1713,0,0,0,25000,1,0,금 랜덤박스,금 조각 랜덤박스(4003),2435,14,2,1,99,,,,,
,1714,조각템(15),하의 조각(17),조각인벤(2),금 하의 조각 C,없음(0),0,금 등급(4),0,1714,0,0,0,25000,1,0,금 랜덤박스,금 조각 랜덤박스(4003),395,14,3,1,99,,,,,
,1715,조각템(15),하의 조각(17),조각인벤(2),금 하의 조각 D,없음(0),0,금 등급(4),0,1715,0,0,0,25000,1,0,금 랜덤박스,금 조각 랜덤박스(4003),2425,14,4,1,99,,,,,
,1716,조각템(15),하의 조각(17),조각인벤(2),티타늄 하의 조각 A,없음(0),0,티타늄 등급(5),0,1716,0,0,0,40000,1,0,티타늄 랜덤박스,티타늄 조각 랜덤박스(4004),2425,15,1,1,99,,,,,
,1717,조각템(15),하의 조각(17),조각인벤(2),티타늄 하의 조각 B,없음(0),0,티타늄 등급(5),0,1717,0,0,0,40000,1,0,티타늄 랜덤박스,티타늄 조각 랜덤박스(4004),2425,15,2,1,99,,,,,
,1718,조각템(15),하의 조각(17),조각인벤(2),티타늄 하의 조각 C,없음(0),0,티타늄 등급(5),0,1718,0,0,0,40000,1,0,티타늄 랜덤박스,티타늄 조각 랜덤박스(4004),2425,15,3,1,99,,,,,
,1719,조각템(15),하의 조각(17),조각인벤(2),티타늄 하의 조각 D,없음(0),0,티타늄 등급(5),0,1719,0,0,0,40000,1,0,티타늄 랜덤박스,티타늄 조각 랜덤박스(4004),395,15,4,1,99,,,,,
label(piecepart),itemcode,category,subcategory,equpslot,itemname,activate,toplist,grade,discount,icon,playerlv,multistate,gamecost,cashcost,buyamount,sellcost,description,getbox,getpercent1000,combcode,combsuborder,successpercent,failpercent,,,,,
,1800,조각템(15),장갑 조각(18),조각인벤(2),돌 장갑 조각 A,없음(0),0,돌 등급(1),0,1800,0,0,0,0,1,0,돌 랜덤박스,돌 조각 랜덤박스(4000),2435,16,1,1,99,,,,,
,1801,조각템(15),장갑 조각(18),조각인벤(2),돌 장갑 조각 B,없음(0),0,돌 등급(1),0,1801,0,0,0,0,1,0,돌 랜덤박스,돌 조각 랜덤박스(4000),2435,16,2,1,99,,,,,
,1802,조각템(15),장갑 조각(18),조각인벤(2),돌 장갑 조각 C,없음(0),0,돌 등급(1),0,1802,0,0,0,0,1,0,돌 랜덤박스,돌 조각 랜덤박스(4000),2435,16,3,1,99,,,,,
,1803,조각템(15),장갑 조각(18),조각인벤(2),돌 장갑 조각 D,없음(0),0,돌 등급(1),0,1803,0,0,0,0,1,0,돌 랜덤박스,돌 조각 랜덤박스(4000),395,16,4,1,99,,,,,
,1804,조각템(15),장갑 조각(18),조각인벤(2),동 장갑 조각 A,없음(0),0,동 등급(2),0,1804,0,0,0,1000,1,0,동 랜덤박스,동 조각 랜덤박스(4001),2425,17,1,1,99,,,,,
,1805,조각템(15),장갑 조각(18),조각인벤(2),동 장갑 조각 B,없음(0),0,동 등급(2),0,1805,0,0,0,1000,1,0,동 랜덤박스,동 조각 랜덤박스(4001),2425,17,2,1,99,,,,,
,1806,조각템(15),장갑 조각(18),조각인벤(2),동 장갑 조각 C,없음(0),0,동 등급(2),0,1806,0,0,0,1000,1,0,동 랜덤박스,동 조각 랜덤박스(4001),2425,17,3,1,99,,,,,
,1807,조각템(15),장갑 조각(18),조각인벤(2),동 장갑 조각 D,없음(0),0,동 등급(2),0,1807,0,0,0,1000,1,0,동 랜덤박스,동 조각 랜덤박스(4001),395,17,4,1,99,,,,,
,1808,조각템(15),장갑 조각(18),조각인벤(2),은 장갑 조각 A,없음(0),0,은 등급(3),0,1808,0,0,0,10000,1,0,은 랜덤박스,은 조각 랜덤박스(4002),2425,18,1,1,99,,,,,
,1809,조각템(15),장갑 조각(18),조각인벤(2),은 장갑 조각 B,없음(0),0,은 등급(3),0,1809,0,0,0,10000,1,0,은 랜덤박스,은 조각 랜덤박스(4002),2425,18,2,1,99,,,,,
,1810,조각템(15),장갑 조각(18),조각인벤(2),은 장갑 조각 C,없음(0),0,은 등급(3),0,1810,0,0,0,10000,1,0,은 랜덤박스,은 조각 랜덤박스(4002),2425,18,3,1,99,,,,,
,1811,조각템(15),장갑 조각(18),조각인벤(2),은 장갑 조각 D,없음(0),0,은 등급(3),0,1811,0,0,0,10000,1,0,은 랜덤박스,은 조각 랜덤박스(4002),395,18,4,1,99,,,,,
,1812,조각템(15),장갑 조각(18),조각인벤(2),금 장갑 조각 A,없음(0),0,금 등급(4),0,1812,0,0,0,25000,1,0,금 랜덤박스,금 조각 랜덤박스(4003),2435,19,1,1,99,,,,,
,1813,조각템(15),장갑 조각(18),조각인벤(2),금 장갑 조각 B,없음(0),0,금 등급(4),0,1813,0,0,0,25000,1,0,금 랜덤박스,금 조각 랜덤박스(4003),2435,19,2,1,99,,,,,
,1814,조각템(15),장갑 조각(18),조각인벤(2),금 장갑 조각 C,없음(0),0,금 등급(4),0,1814,0,0,0,25000,1,0,금 랜덤박스,금 조각 랜덤박스(4003),395,19,3,1,99,,,,,
,1815,조각템(15),장갑 조각(18),조각인벤(2),금 장갑 조각 D,없음(0),0,금 등급(4),0,1815,0,0,0,25000,1,0,금 랜덤박스,금 조각 랜덤박스(4003),2425,19,4,1,99,,,,,
,1816,조각템(15),장갑 조각(18),조각인벤(2),티타늄 장갑 조각 A,없음(0),0,티타늄 등급(5),0,1816,0,0,0,40000,1,0,티타늄 랜덤박스,티타늄 조각 랜덤박스(4004),2425,20,1,1,99,,,,,
,1817,조각템(15),장갑 조각(18),조각인벤(2),티타늄 장갑 조각 B,없음(0),0,티타늄 등급(5),0,1817,0,0,0,40000,1,0,티타늄 랜덤박스,티타늄 조각 랜덤박스(4004),2425,20,2,1,99,,,,,
,1818,조각템(15),장갑 조각(18),조각인벤(2),티타늄 장갑 조각 C,없음(0),0,티타늄 등급(5),0,1818,0,0,0,40000,1,0,티타늄 랜덤박스,티타늄 조각 랜덤박스(4004),2425,20,3,1,99,,,,,
,1819,조각템(15),장갑 조각(18),조각인벤(2),티타늄 장갑 조각 D,없음(0),0,티타늄 등급(5),0,1819,0,0,0,40000,1,0,티타늄 랜덤박스,티타늄 조각 랜덤박스(4004),395,20,4,1,99,,,,,
label(piecepart),itemcode,category,subcategory,equpslot,itemname,activate,toplist,grade,discount,icon,playerlv,multistate,gamecost,cashcost,buyamount,sellcost,description,getbox,getpercent1000,combcode,combsuborder,successpercent,failpercent,,,,,
,1900,조각템(15),신발 조각(19),조각인벤(2),돌 신발 조각 A,없음(0),0,돌 등급(1),0,1900,0,0,0,0,1,0,돌 랜덤박스,돌 조각 랜덤박스(4000),2435,21,1,1,99,,,,,
,1901,조각템(15),신발 조각(19),조각인벤(2),돌 신발 조각 B,없음(0),0,돌 등급(1),0,1901,0,0,0,0,1,0,돌 랜덤박스,돌 조각 랜덤박스(4000),2435,21,2,1,99,,,,,
,1902,조각템(15),신발 조각(19),조각인벤(2),돌 신발 조각 C,없음(0),0,돌 등급(1),0,1902,0,0,0,0,1,0,돌 랜덤박스,돌 조각 랜덤박스(4000),2435,21,3,1,99,,,,,
,1903,조각템(15),신발 조각(19),조각인벤(2),돌 신발 조각 D,없음(0),0,돌 등급(1),0,1903,0,0,0,0,1,0,돌 랜덤박스,돌 조각 랜덤박스(4000),395,21,4,1,99,,,,,
,1904,조각템(15),신발 조각(19),조각인벤(2),동 신발 조각 A,없음(0),0,동 등급(2),0,1904,0,0,0,1000,1,0,동 랜덤박스,동 조각 랜덤박스(4001),2425,22,1,1,99,,,,,
,1905,조각템(15),신발 조각(19),조각인벤(2),동 신발 조각 B,없음(0),0,동 등급(2),0,1905,0,0,0,1000,1,0,동 랜덤박스,동 조각 랜덤박스(4001),2425,22,2,1,99,,,,,
,1906,조각템(15),신발 조각(19),조각인벤(2),동 신발 조각 C,없음(0),0,동 등급(2),0,1906,0,0,0,1000,1,0,동 랜덤박스,동 조각 랜덤박스(4001),2425,22,3,1,99,,,,,
,1907,조각템(15),신발 조각(19),조각인벤(2),동 신발 조각 D,없음(0),0,동 등급(2),0,1907,0,0,0,1000,1,0,동 랜덤박스,동 조각 랜덤박스(4001),395,22,4,1,99,,,,,
,1908,조각템(15),신발 조각(19),조각인벤(2),은 신발 조각 A,없음(0),0,은 등급(3),0,1908,0,0,0,10000,1,0,은 랜덤박스,은 조각 랜덤박스(4002),2425,23,1,1,99,,,,,
,1909,조각템(15),신발 조각(19),조각인벤(2),은 신발 조각 B,없음(0),0,은 등급(3),0,1909,0,0,0,10000,1,0,은 랜덤박스,은 조각 랜덤박스(4002),2425,23,2,1,99,,,,,
,1910,조각템(15),신발 조각(19),조각인벤(2),은 신발 조각 C,없음(0),0,은 등급(3),0,1910,0,0,0,10000,1,0,은 랜덤박스,은 조각 랜덤박스(4002),2425,23,3,1,99,,,,,
,1911,조각템(15),신발 조각(19),조각인벤(2),은 신발 조각 D,없음(0),0,은 등급(3),0,1911,0,0,0,10000,1,0,은 랜덤박스,은 조각 랜덤박스(4002),395,23,4,1,99,,,,,
,1912,조각템(15),신발 조각(19),조각인벤(2),금 신발 조각 A,없음(0),0,금 등급(4),0,1912,0,0,0,25000,1,0,금 랜덤박스,금 조각 랜덤박스(4003),2435,24,1,1,99,,,,,
,1913,조각템(15),신발 조각(19),조각인벤(2),금 신발 조각 B,없음(0),0,금 등급(4),0,1913,0,0,0,25000,1,0,금 랜덤박스,금 조각 랜덤박스(4003),2435,24,2,1,99,,,,,
,1914,조각템(15),신발 조각(19),조각인벤(2),금 신발 조각 C,없음(0),0,금 등급(4),0,1914,0,0,0,25000,1,0,금 랜덤박스,금 조각 랜덤박스(4003),395,24,3,1,99,,,,,
,1915,조각템(15),신발 조각(19),조각인벤(2),금 신발 조각 D,없음(0),0,금 등급(4),0,1915,0,0,0,25000,1,0,금 랜덤박스,금 조각 랜덤박스(4003),2425,24,4,1,99,,,,,
,1916,조각템(15),신발 조각(19),조각인벤(2),티타늄 신발 조각 A,없음(0),0,티타늄 등급(5),0,1916,0,0,0,40000,1,0,티타늄 랜덤박스,티타늄 조각 랜덤박스(4004),2425,25,1,1,99,,,,,
,1917,조각템(15),신발 조각(19),조각인벤(2),티타늄 신발 조각 B,없음(0),0,티타늄 등급(5),0,1917,0,0,0,40000,1,0,티타늄 랜덤박스,티타늄 조각 랜덤박스(4004),2425,25,2,1,99,,,,,
,1918,조각템(15),신발 조각(19),조각인벤(2),티타늄 신발 조각 C,없음(0),0,티타늄 등급(5),0,1918,0,0,0,40000,1,0,티타늄 랜덤박스,티타늄 조각 랜덤박스(4004),2425,25,3,1,99,,,,,
,1919,조각템(15),신발 조각(19),조각인벤(2),티타늄 신발 조각 D,없음(0),0,티타늄 등급(5),0,1919,0,0,0,40000,1,0,티타늄 랜덤박스,티타늄 조각 랜덤박스(4004),395,25,4,1,99,,,,,
label(piecepart),itemcode,category,subcategory,equpslot,itemname,activate,toplist,grade,discount,icon,playerlv,multistate,gamecost,cashcost,buyamount,sellcost,description,getbox,getpercent1000,combcode,combsuborder,successpercent,failpercent,,,,,
,2000,조각템(15),방망이 조각(20),조각인벤(2),돌 방망이 조각 A,없음(0),0,돌 등급(1),0,2000,0,0,0,0,1,0,돌 랜덤박스,돌 조각 랜덤박스(4000),2435,26,1,1,99,,,,,
,2001,조각템(15),방망이 조각(20),조각인벤(2),돌 방망이 조각 B,없음(0),0,돌 등급(1),0,2001,0,0,0,0,1,0,돌 랜덤박스,돌 조각 랜덤박스(4000),2435,26,2,1,99,,,,,
,2002,조각템(15),방망이 조각(20),조각인벤(2),돌 방망이 조각 C,없음(0),0,돌 등급(1),0,2002,0,0,0,0,1,0,돌 랜덤박스,돌 조각 랜덤박스(4000),2435,26,3,1,99,,,,,
,2003,조각템(15),방망이 조각(20),조각인벤(2),돌 방망이 조각 D,없음(0),0,돌 등급(1),0,2003,0,0,0,0,1,0,돌 랜덤박스,돌 조각 랜덤박스(4000),395,26,4,1,99,,,,,
,2004,조각템(15),방망이 조각(20),조각인벤(2),동 방망이 조각 A,없음(0),0,동 등급(2),0,2004,0,0,0,1000,1,0,동 랜덤박스,동 조각 랜덤박스(4001),2425,27,1,1,99,,,,,
,2005,조각템(15),방망이 조각(20),조각인벤(2),동 방망이 조각 B,없음(0),0,동 등급(2),0,2005,0,0,0,1000,1,0,동 랜덤박스,동 조각 랜덤박스(4001),2425,27,2,1,99,,,,,
,2006,조각템(15),방망이 조각(20),조각인벤(2),동 방망이 조각 C,없음(0),0,동 등급(2),0,2006,0,0,0,1000,1,0,동 랜덤박스,동 조각 랜덤박스(4001),2425,27,3,1,99,,,,,
,2007,조각템(15),방망이 조각(20),조각인벤(2),동 방망이 조각 D,없음(0),0,동 등급(2),0,2007,0,0,0,1000,1,0,동 랜덤박스,동 조각 랜덤박스(4001),395,27,4,1,99,,,,,
,2008,조각템(15),방망이 조각(20),조각인벤(2),은 방망이 조각 A,없음(0),0,은 등급(3),0,2008,0,0,0,10000,1,0,은 랜덤박스,은 조각 랜덤박스(4002),2425,28,1,1,99,,,,,
,2009,조각템(15),방망이 조각(20),조각인벤(2),은 방망이 조각 B,없음(0),0,은 등급(3),0,2009,0,0,0,10000,1,0,은 랜덤박스,은 조각 랜덤박스(4002),2425,28,2,1,99,,,,,
,2010,조각템(15),방망이 조각(20),조각인벤(2),은 방망이 조각 C,없음(0),0,은 등급(3),0,2010,0,0,0,10000,1,0,은 랜덤박스,은 조각 랜덤박스(4002),2425,28,3,1,99,,,,,
,2011,조각템(15),방망이 조각(20),조각인벤(2),은 방망이 조각 D,없음(0),0,은 등급(3),0,2011,0,0,0,10000,1,0,은 랜덤박스,은 조각 랜덤박스(4002),395,28,4,1,99,,,,,
,2012,조각템(15),방망이 조각(20),조각인벤(2),금 방망이 조각 A,없음(0),0,금 등급(4),0,2012,0,0,0,25000,1,0,금 랜덤박스,금 조각 랜덤박스(4003),2435,29,1,1,99,,,,,
,2013,조각템(15),방망이 조각(20),조각인벤(2),금 방망이 조각 B,없음(0),0,금 등급(4),0,2013,0,0,0,25000,1,0,금 랜덤박스,금 조각 랜덤박스(4003),2435,29,2,1,99,,,,,
,2014,조각템(15),방망이 조각(20),조각인벤(2),금 방망이 조각 C,없음(0),0,금 등급(4),0,2014,0,0,0,25000,1,0,금 랜덤박스,금 조각 랜덤박스(4003),395,29,3,1,99,,,,,
,2015,조각템(15),방망이 조각(20),조각인벤(2),금 방망이 조각 D,없음(0),0,금 등급(4),0,2015,0,0,0,25000,1,0,금 랜덤박스,금 조각 랜덤박스(4003),2425,29,4,1,99,,,,,
,2016,조각템(15),방망이 조각(20),조각인벤(2),티타늄 방망이 조각 A,없음(0),0,티타늄 등급(5),0,2016,0,0,0,40000,1,0,티타늄 랜덤박스,티타늄 조각 랜덤박스(4004),2425,30,1,1,99,,,,,
,2017,조각템(15),방망이 조각(20),조각인벤(2),티타늄 방망이 조각 B,없음(0),0,티타늄 등급(5),0,2017,0,0,0,40000,1,0,티타늄 랜덤박스,티타늄 조각 랜덤박스(4004),2425,30,2,1,99,,,,,
,2018,조각템(15),방망이 조각(20),조각인벤(2),티타늄 방망이 조각 C,없음(0),0,티타늄 등급(5),0,2018,0,0,0,40000,1,0,티타늄 랜덤박스,티타늄 조각 랜덤박스(4004),2425,30,3,1,99,,,,,
,2019,조각템(15),방망이 조각(20),조각인벤(2),티타늄 방망이 조각 D,없음(0),0,티타늄 등급(5),0,2019,0,0,0,40000,1,0,티타늄 랜덤박스,티타늄 조각 랜덤박스(4004),395,30,4,1,99,,,,,
label(piecepart),itemcode,category,subcategory,equpslot,itemname,activate,toplist,grade,discount,icon,playerlv,multistate,gamecost,cashcost,buyamount,sellcost,description,getbox,getpercent1000,combcode,combsuborder,successpercent,failpercent,,,,,
,2100,조각템(15),색깔공 조각(21),조각인벤(2),돌 색깔공 조각 A,없음(0),0,돌 등급(1),0,2100,0,0,0,0,1,0,돌 랜덤박스,돌 조각 랜덤박스(4000),2435,31,1,1,99,,,,,
,2101,조각템(15),색깔공 조각(21),조각인벤(2),돌 색깔공 조각 B,없음(0),0,돌 등급(1),0,2101,0,0,0,0,1,0,돌 랜덤박스,돌 조각 랜덤박스(4000),2435,31,2,1,99,,,,,
,2102,조각템(15),색깔공 조각(21),조각인벤(2),돌 색깔공 조각 C,없음(0),0,돌 등급(1),0,2102,0,0,0,0,1,0,돌 랜덤박스,돌 조각 랜덤박스(4000),2435,31,3,1,99,,,,,
,2103,조각템(15),색깔공 조각(21),조각인벤(2),돌 색깔공 조각 D,없음(0),0,돌 등급(1),0,2103,0,0,0,0,1,0,돌 랜덤박스,돌 조각 랜덤박스(4000),395,31,4,1,99,,,,,
,2104,조각템(15),색깔공 조각(21),조각인벤(2),동 색깔공 조각 A,없음(0),0,동 등급(2),0,2104,0,0,0,1000,1,0,동 랜덤박스,동 조각 랜덤박스(4001),2425,32,1,1,99,,,,,
,2105,조각템(15),색깔공 조각(21),조각인벤(2),동 색깔공 조각 B,없음(0),0,동 등급(2),0,2105,0,0,0,1000,1,0,동 랜덤박스,동 조각 랜덤박스(4001),2425,32,2,1,99,,,,,
,2106,조각템(15),색깔공 조각(21),조각인벤(2),동 색깔공 조각 C,없음(0),0,동 등급(2),0,2106,0,0,0,1000,1,0,동 랜덤박스,동 조각 랜덤박스(4001),2425,32,3,1,99,,,,,
,2107,조각템(15),색깔공 조각(21),조각인벤(2),동 색깔공 조각 D,없음(0),0,동 등급(2),0,2107,0,0,0,1000,1,0,동 랜덤박스,동 조각 랜덤박스(4001),395,32,4,1,99,,,,,
,2108,조각템(15),색깔공 조각(21),조각인벤(2),은 색깔공 조각 A,없음(0),0,은 등급(3),0,2108,0,0,0,10000,1,0,은 랜덤박스,은 조각 랜덤박스(4002),2425,33,1,1,99,,,,,
,2109,조각템(15),색깔공 조각(21),조각인벤(2),은 색깔공 조각 B,없음(0),0,은 등급(3),0,2109,0,0,0,10000,1,0,은 랜덤박스,은 조각 랜덤박스(4002),2425,33,2,1,99,,,,,
,2110,조각템(15),색깔공 조각(21),조각인벤(2),은 색깔공 조각 C,없음(0),0,은 등급(3),0,2110,0,0,0,10000,1,0,은 랜덤박스,은 조각 랜덤박스(4002),2425,33,3,1,99,,,,,
,2111,조각템(15),색깔공 조각(21),조각인벤(2),은 색깔공 조각 D,없음(0),0,은 등급(3),0,2111,0,0,0,10000,1,0,은 랜덤박스,은 조각 랜덤박스(4002),395,33,4,1,99,,,,,
,2112,조각템(15),색깔공 조각(21),조각인벤(2),금 색깔공 조각 A,없음(0),0,금 등급(4),0,2112,0,0,0,25000,1,0,금 랜덤박스,금 조각 랜덤박스(4003),2435,34,1,1,99,,,,,
,2113,조각템(15),색깔공 조각(21),조각인벤(2),금 색깔공 조각 B,없음(0),0,금 등급(4),0,2113,0,0,0,25000,1,0,금 랜덤박스,금 조각 랜덤박스(4003),2435,34,2,1,99,,,,,
,2114,조각템(15),색깔공 조각(21),조각인벤(2),금 색깔공 조각 C,없음(0),0,금 등급(4),0,2114,0,0,0,25000,1,0,금 랜덤박스,금 조각 랜덤박스(4003),395,34,3,1,99,,,,,
,2115,조각템(15),색깔공 조각(21),조각인벤(2),금 색깔공 조각 D,없음(0),0,금 등급(4),0,2115,0,0,0,25000,1,0,금 랜덤박스,금 조각 랜덤박스(4003),2425,34,4,1,99,,,,,
,2116,조각템(15),색깔공 조각(21),조각인벤(2),티타늄 색깔공 조각 A,없음(0),0,티타늄 등급(5),0,2116,0,0,0,40000,1,0,티타늄 랜덤박스,티타늄 조각 랜덤박스(4004),2425,35,1,1,99,,,,,
,2117,조각템(15),색깔공 조각(21),조각인벤(2),티타늄 색깔공 조각 B,없음(0),0,티타늄 등급(5),0,2117,0,0,0,40000,1,0,티타늄 랜덤박스,티타늄 조각 랜덤박스(4004),2425,35,2,1,99,,,,,
,2118,조각템(15),색깔공 조각(21),조각인벤(2),티타늄 색깔공 조각 C,없음(0),0,티타늄 등급(5),0,2118,0,0,0,40000,1,0,티타늄 랜덤박스,티타늄 조각 랜덤박스(4004),2425,35,3,1,99,,,,,
,2119,조각템(15),색깔공 조각(21),조각인벤(2),티타늄 색깔공 조각 D,없음(0),0,티타늄 등급(5),0,2119,0,0,0,40000,1,0,티타늄 랜덤박스,티타늄 조각 랜덤박스(4004),395,35,4,1,99,,,,,
label(piecepart),itemcode,category,subcategory,equpslot,itemname,activate,toplist,grade,discount,icon,playerlv,multistate,gamecost,cashcost,buyamount,sellcost,description,getbox,getpercent1000,combcode,combsuborder,successpercent,failpercent,,,,,
,2200,조각템(15),고글 조각(22),조각인벤(2),돌 고글 조각 A,없음(0),0,돌 등급(1),0,2200,0,0,0,0,1,0,돌 랜덤박스,돌 조각 랜덤박스(4000),2435,36,1,1,99,,,,,
,2201,조각템(15),고글 조각(22),조각인벤(2),돌 고글 조각 B,없음(0),0,돌 등급(1),0,2201,0,0,0,0,1,0,돌 랜덤박스,돌 조각 랜덤박스(4000),2435,36,2,1,99,,,,,
,2202,조각템(15),고글 조각(22),조각인벤(2),돌 고글 조각 C,없음(0),0,돌 등급(1),0,2202,0,0,0,0,1,0,돌 랜덤박스,돌 조각 랜덤박스(4000),2435,36,3,1,99,,,,,
,2203,조각템(15),고글 조각(22),조각인벤(2),돌 고글 조각 D,없음(0),0,돌 등급(1),0,2203,0,0,0,0,1,0,돌 랜덤박스,돌 조각 랜덤박스(4000),395,36,4,1,99,,,,,
,2204,조각템(15),고글 조각(22),조각인벤(2),동 고글 조각 A,없음(0),0,동 등급(2),0,2204,0,0,0,1000,1,0,동 랜덤박스,동 조각 랜덤박스(4001),2425,37,1,1,99,,,,,
,2205,조각템(15),고글 조각(22),조각인벤(2),동 고글 조각 B,없음(0),0,동 등급(2),0,2205,0,0,0,1000,1,0,동 랜덤박스,동 조각 랜덤박스(4001),2425,37,2,1,99,,,,,
,2206,조각템(15),고글 조각(22),조각인벤(2),동 고글 조각 C,없음(0),0,동 등급(2),0,2206,0,0,0,1000,1,0,동 랜덤박스,동 조각 랜덤박스(4001),2425,37,3,1,99,,,,,
,2207,조각템(15),고글 조각(22),조각인벤(2),동 고글 조각 D,없음(0),0,동 등급(2),0,2207,0,0,0,1000,1,0,동 랜덤박스,동 조각 랜덤박스(4001),395,37,4,1,99,,,,,
,2208,조각템(15),고글 조각(22),조각인벤(2),은 고글 조각 A,없음(0),0,은 등급(3),0,2208,0,0,0,10000,1,0,은 랜덤박스,은 조각 랜덤박스(4002),2425,38,1,1,99,,,,,
,2209,조각템(15),고글 조각(22),조각인벤(2),은 고글 조각 B,없음(0),0,은 등급(3),0,2209,0,0,0,10000,1,0,은 랜덤박스,은 조각 랜덤박스(4002),2425,38,2,1,99,,,,,
,2210,조각템(15),고글 조각(22),조각인벤(2),은 고글 조각 C,없음(0),0,은 등급(3),0,2210,0,0,0,10000,1,0,은 랜덤박스,은 조각 랜덤박스(4002),2425,38,3,1,99,,,,,
,2211,조각템(15),고글 조각(22),조각인벤(2),은 고글 조각 D,없음(0),0,은 등급(3),0,2211,0,0,0,10000,1,0,은 랜덤박스,은 조각 랜덤박스(4002),395,38,4,1,99,,,,,
,2212,조각템(15),고글 조각(22),조각인벤(2),금 고글 조각 A,없음(0),0,금 등급(4),0,2212,0,0,0,25000,1,0,금 랜덤박스,금 조각 랜덤박스(4003),2435,39,1,1,99,,,,,
,2213,조각템(15),고글 조각(22),조각인벤(2),금 고글 조각 B,없음(0),0,금 등급(4),0,2213,0,0,0,25000,1,0,금 랜덤박스,금 조각 랜덤박스(4003),2435,39,2,1,99,,,,,
,2214,조각템(15),고글 조각(22),조각인벤(2),금 고글 조각 C,없음(0),0,금 등급(4),0,2214,0,0,0,25000,1,0,금 랜덤박스,금 조각 랜덤박스(4003),395,39,3,1,99,,,,,
,2215,조각템(15),고글 조각(22),조각인벤(2),금 고글 조각 D,없음(0),0,금 등급(4),0,2215,0,0,0,25000,1,0,금 랜덤박스,금 조각 랜덤박스(4003),2425,39,4,1,99,,,,,
,2216,조각템(15),고글 조각(22),조각인벤(2),티타늄 고글 조각 A,없음(0),0,티타늄 등급(5),0,2216,0,0,0,40000,1,0,티타늄 랜덤박스,티타늄 조각 랜덤박스(4004),2425,40,1,1,99,,,,,
,2217,조각템(15),고글 조각(22),조각인벤(2),티타늄 고글 조각 B,없음(0),0,티타늄 등급(5),0,2217,0,0,0,40000,1,0,티타늄 랜덤박스,티타늄 조각 랜덤박스(4004),2425,40,2,1,99,,,,,
,2218,조각템(15),고글 조각(22),조각인벤(2),티타늄 고글 조각 C,없음(0),0,티타늄 등급(5),0,2218,0,0,0,40000,1,0,티타늄 랜덤박스,티타늄 조각 랜덤박스(4004),2425,40,3,1,99,,,,,
,2219,조각템(15),고글 조각(22),조각인벤(2),티타늄 고글 조각 D,없음(0),0,티타늄 등급(5),0,2219,0,0,0,40000,1,0,티타늄 랜덤박스,티타늄 조각 랜덤박스(4004),395,40,4,1,99,,,,,
label(piecepart),itemcode,category,subcategory,equpslot,itemname,activate,toplist,grade,discount,icon,playerlv,multistate,gamecost,cashcost,buyamount,sellcost,description,getbox,getpercent1000,combcode,combsuborder,successpercent,failpercent,,,,,
,2300,조각템(15),손목 아대 조각(23),조각인벤(2),돌 손목 아대 조각 A,없음(0),0,돌 등급(1),0,2300,0,0,0,0,1,0,돌 랜덤박스,돌 조각 랜덤박스(4000),2435,41,1,1,99,,,,,
,2301,조각템(15),손목 아대 조각(23),조각인벤(2),돌 손목 아대 조각 B,없음(0),0,돌 등급(1),0,2301,0,0,0,0,1,0,돌 랜덤박스,돌 조각 랜덤박스(4000),2435,41,2,1,99,,,,,
,2302,조각템(15),손목 아대 조각(23),조각인벤(2),돌 손목 아대 조각 C,없음(0),0,돌 등급(1),0,2302,0,0,0,0,1,0,돌 랜덤박스,돌 조각 랜덤박스(4000),2435,41,3,1,99,,,,,
,2303,조각템(15),손목 아대 조각(23),조각인벤(2),돌 손목 아대 조각 D,없음(0),0,돌 등급(1),0,2303,0,0,0,0,1,0,돌 랜덤박스,돌 조각 랜덤박스(4000),395,41,4,1,99,,,,,
,2304,조각템(15),손목 아대 조각(23),조각인벤(2),동 손목 아대 조각 A,없음(0),0,동 등급(2),0,2304,0,0,0,1000,1,0,동 랜덤박스,동 조각 랜덤박스(4001),2425,42,1,1,99,,,,,
,2305,조각템(15),손목 아대 조각(23),조각인벤(2),동 손목 아대 조각 B,없음(0),0,동 등급(2),0,2305,0,0,0,1000,1,0,동 랜덤박스,동 조각 랜덤박스(4001),2425,42,2,1,99,,,,,
,2306,조각템(15),손목 아대 조각(23),조각인벤(2),동 손목 아대 조각 C,없음(0),0,동 등급(2),0,2306,0,0,0,1000,1,0,동 랜덤박스,동 조각 랜덤박스(4001),2425,42,3,1,99,,,,,
,2307,조각템(15),손목 아대 조각(23),조각인벤(2),동 손목 아대 조각 D,없음(0),0,동 등급(2),0,2307,0,0,0,1000,1,0,동 랜덤박스,동 조각 랜덤박스(4001),395,42,4,1,99,,,,,
,2308,조각템(15),손목 아대 조각(23),조각인벤(2),은 손목 아대 조각 A,없음(0),0,은 등급(3),0,2308,0,0,0,10000,1,0,은 랜덤박스,은 조각 랜덤박스(4002),2425,43,1,1,99,,,,,
,2309,조각템(15),손목 아대 조각(23),조각인벤(2),은 손목 아대 조각 B,없음(0),0,은 등급(3),0,2309,0,0,0,10000,1,0,은 랜덤박스,은 조각 랜덤박스(4002),2425,43,2,1,99,,,,,
,2310,조각템(15),손목 아대 조각(23),조각인벤(2),은 손목 아대 조각 C,없음(0),0,은 등급(3),0,2310,0,0,0,10000,1,0,은 랜덤박스,은 조각 랜덤박스(4002),2425,43,3,1,99,,,,,
,2311,조각템(15),손목 아대 조각(23),조각인벤(2),은 손목 아대 조각 D,없음(0),0,은 등급(3),0,2311,0,0,0,10000,1,0,은 랜덤박스,은 조각 랜덤박스(4002),395,43,4,1,99,,,,,
,2312,조각템(15),손목 아대 조각(23),조각인벤(2),금 손목 아대 조각 A,없음(0),0,금 등급(4),0,2312,0,0,0,25000,1,0,금 랜덤박스,금 조각 랜덤박스(4003),2435,44,1,1,99,,,,,
,2313,조각템(15),손목 아대 조각(23),조각인벤(2),금 손목 아대 조각 B,없음(0),0,금 등급(4),0,2313,0,0,0,25000,1,0,금 랜덤박스,금 조각 랜덤박스(4003),2435,44,2,1,99,,,,,
,2314,조각템(15),손목 아대 조각(23),조각인벤(2),금 손목 아대 조각 C,없음(0),0,금 등급(4),0,2314,0,0,0,25000,1,0,금 랜덤박스,금 조각 랜덤박스(4003),395,44,3,1,99,,,,,
,2315,조각템(15),손목 아대 조각(23),조각인벤(2),금 손목 아대 조각 D,없음(0),0,금 등급(4),0,2315,0,0,0,25000,1,0,금 랜덤박스,금 조각 랜덤박스(4003),2425,44,4,1,99,,,,,
,2316,조각템(15),손목 아대 조각(23),조각인벤(2),티타늄 손목 아대 조각 A,없음(0),0,티타늄 등급(5),0,2316,0,0,0,40000,1,0,티타늄 랜덤박스,티타늄 조각 랜덤박스(4004),2425,45,1,1,99,,,,,
,2317,조각템(15),손목 아대 조각(23),조각인벤(2),티타늄 손목 아대 조각 B,없음(0),0,티타늄 등급(5),0,2317,0,0,0,40000,1,0,티타늄 랜덤박스,티타늄 조각 랜덤박스(4004),2425,45,2,1,99,,,,,
,2318,조각템(15),손목 아대 조각(23),조각인벤(2),티타늄 손목 아대 조각 C,없음(0),0,티타늄 등급(5),0,2318,0,0,0,40000,1,0,티타늄 랜덤박스,티타늄 조각 랜덤박스(4004),2425,45,3,1,99,,,,,
,2319,조각템(15),손목 아대 조각(23),조각인벤(2),티타늄 손목 아대 조각 D,없음(0),0,티타늄 등급(5),0,2319,0,0,0,40000,1,0,티타늄 랜덤박스,티타늄 조각 랜덤박스(4004),395,45,4,1,99,,,,,
label(piecepart),itemcode,category,subcategory,equpslot,itemname,activate,toplist,grade,discount,icon,playerlv,multistate,gamecost,cashcost,buyamount,sellcost,description,getbox,getpercent1000,combcode,combsuborder,successpercent,failpercent,,,,,
,2400,조각템(15),팔꿈치 보호대 조각(24),조각인벤(2),돌 팔꿈치 보호대 조각 A,없음(0),0,돌 등급(1),0,2400,0,0,0,0,1,0,돌 랜덤박스,돌 조각 랜덤박스(4000),2435,46,1,1,99,,,,,
,2401,조각템(15),팔꿈치 보호대 조각(24),조각인벤(2),돌 팔꿈치 보호대 조각 B,없음(0),0,돌 등급(1),0,2401,0,0,0,0,1,0,돌 랜덤박스,돌 조각 랜덤박스(4000),2435,46,2,1,99,,,,,
,2402,조각템(15),팔꿈치 보호대 조각(24),조각인벤(2),돌 팔꿈치 보호대 조각 C,없음(0),0,돌 등급(1),0,2402,0,0,0,0,1,0,돌 랜덤박스,돌 조각 랜덤박스(4000),2435,46,3,1,99,,,,,
,2403,조각템(15),팔꿈치 보호대 조각(24),조각인벤(2),돌 팔꿈치 보호대 조각 D,없음(0),0,돌 등급(1),0,2403,0,0,0,0,1,0,돌 랜덤박스,돌 조각 랜덤박스(4000),395,46,4,1,99,,,,,
,2404,조각템(15),팔꿈치 보호대 조각(24),조각인벤(2),동 팔꿈치 보호대 조각 A,없음(0),0,동 등급(2),0,2404,0,0,0,1000,1,0,동 랜덤박스,동 조각 랜덤박스(4001),2425,47,1,1,99,,,,,
,2405,조각템(15),팔꿈치 보호대 조각(24),조각인벤(2),동 팔꿈치 보호대 조각 B,없음(0),0,동 등급(2),0,2405,0,0,0,1000,1,0,동 랜덤박스,동 조각 랜덤박스(4001),2425,47,2,1,99,,,,,
,2406,조각템(15),팔꿈치 보호대 조각(24),조각인벤(2),동 팔꿈치 보호대 조각 C,없음(0),0,동 등급(2),0,2406,0,0,0,1000,1,0,동 랜덤박스,동 조각 랜덤박스(4001),2425,47,3,1,99,,,,,
,2407,조각템(15),팔꿈치 보호대 조각(24),조각인벤(2),동 팔꿈치 보호대 조각 D,없음(0),0,동 등급(2),0,2407,0,0,0,1000,1,0,동 랜덤박스,동 조각 랜덤박스(4001),395,47,4,1,99,,,,,
,2408,조각템(15),팔꿈치 보호대 조각(24),조각인벤(2),은 팔꿈치 보호대 조각 A,없음(0),0,은 등급(3),0,2408,0,0,0,10000,1,0,은 랜덤박스,은 조각 랜덤박스(4002),2425,48,1,1,99,,,,,
,2409,조각템(15),팔꿈치 보호대 조각(24),조각인벤(2),은 팔꿈치 보호대 조각 B,없음(0),0,은 등급(3),0,2409,0,0,0,10000,1,0,은 랜덤박스,은 조각 랜덤박스(4002),2425,48,2,1,99,,,,,
,2410,조각템(15),팔꿈치 보호대 조각(24),조각인벤(2),은 팔꿈치 보호대 조각 C,없음(0),0,은 등급(3),0,2410,0,0,0,10000,1,0,은 랜덤박스,은 조각 랜덤박스(4002),2425,48,3,1,99,,,,,
,2411,조각템(15),팔꿈치 보호대 조각(24),조각인벤(2),은 팔꿈치 보호대 조각 D,없음(0),0,은 등급(3),0,2411,0,0,0,10000,1,0,은 랜덤박스,은 조각 랜덤박스(4002),395,48,4,1,99,,,,,
,2412,조각템(15),팔꿈치 보호대 조각(24),조각인벤(2),금 팔꿈치 보호대 조각 A,없음(0),0,금 등급(4),0,2412,0,0,0,25000,1,0,금 랜덤박스,금 조각 랜덤박스(4003),2435,49,1,1,99,,,,,
,2413,조각템(15),팔꿈치 보호대 조각(24),조각인벤(2),금 팔꿈치 보호대 조각 B,없음(0),0,금 등급(4),0,2413,0,0,0,25000,1,0,금 랜덤박스,금 조각 랜덤박스(4003),2435,49,2,1,99,,,,,
,2414,조각템(15),팔꿈치 보호대 조각(24),조각인벤(2),금 팔꿈치 보호대 조각 C,없음(0),0,금 등급(4),0,2414,0,0,0,25000,1,0,금 랜덤박스,금 조각 랜덤박스(4003),395,49,3,1,99,,,,,
,2415,조각템(15),팔꿈치 보호대 조각(24),조각인벤(2),금 팔꿈치 보호대 조각 D,없음(0),0,금 등급(4),0,2415,0,0,0,25000,1,0,금 랜덤박스,금 조각 랜덤박스(4003),2425,49,4,1,99,,,,,
,2416,조각템(15),팔꿈치 보호대 조각(24),조각인벤(2),티타늄 팔꿈치 보호대 조각 A,없음(0),0,티타늄 등급(5),0,2416,0,0,0,40000,1,0,티타늄 랜덤박스,티타늄 조각 랜덤박스(4004),2425,50,1,1,99,,,,,
,2417,조각템(15),팔꿈치 보호대 조각(24),조각인벤(2),티타늄 팔꿈치 보호대 조각 B,없음(0),0,티타늄 등급(5),0,2417,0,0,0,40000,1,0,티타늄 랜덤박스,티타늄 조각 랜덤박스(4004),2425,50,2,1,99,,,,,
,2418,조각템(15),팔꿈치 보호대 조각(24),조각인벤(2),티타늄 팔꿈치 보호대 조각 C,없음(0),0,티타늄 등급(5),0,2418,0,0,0,40000,1,0,티타늄 랜덤박스,티타늄 조각 랜덤박스(4004),2425,50,3,1,99,,,,,
,2419,조각템(15),팔꿈치 보호대 조각(24),조각인벤(2),티타늄 팔꿈치 보호대 조각 D,없음(0),0,티타늄 등급(5),0,2419,0,0,0,40000,1,0,티타늄 랜덤박스,티타늄 조각 랜덤박스(4004),395,50,4,1,99,,,,,
label(piecepart),itemcode,category,subcategory,equpslot,itemname,activate,toplist,grade,discount,icon,playerlv,multistate,gamecost,cashcost,buyamount,sellcost,description,getbox,getpercent1000,combcode,combsuborder,successpercent,failpercent,,,,,
,2500,조각템(15),벨트 조각(25),조각인벤(2),돌 벨트 조각 A,없음(0),0,돌 등급(1),0,2500,0,0,0,0,1,0,돌 랜덤박스,돌 조각 랜덤박스(4000),2435,51,1,1,99,,,,,
,2501,조각템(15),벨트 조각(25),조각인벤(2),돌 벨트 조각 B,없음(0),0,돌 등급(1),0,2501,0,0,0,0,1,0,돌 랜덤박스,돌 조각 랜덤박스(4000),2435,51,2,1,99,,,,,
,2502,조각템(15),벨트 조각(25),조각인벤(2),돌 벨트 조각 C,없음(0),0,돌 등급(1),0,2502,0,0,0,0,1,0,돌 랜덤박스,돌 조각 랜덤박스(4000),2435,51,3,1,99,,,,,
,2503,조각템(15),벨트 조각(25),조각인벤(2),돌 벨트 조각 D,없음(0),0,돌 등급(1),0,2503,0,0,0,0,1,0,돌 랜덤박스,돌 조각 랜덤박스(4000),395,51,4,1,99,,,,,
,2504,조각템(15),벨트 조각(25),조각인벤(2),동 벨트 조각 A,없음(0),0,동 등급(2),0,2504,0,0,0,1000,1,0,동 랜덤박스,동 조각 랜덤박스(4001),2425,52,1,1,99,,,,,
,2505,조각템(15),벨트 조각(25),조각인벤(2),동 벨트 조각 B,없음(0),0,동 등급(2),0,2505,0,0,0,1000,1,0,동 랜덤박스,동 조각 랜덤박스(4001),2425,52,2,1,99,,,,,
,2506,조각템(15),벨트 조각(25),조각인벤(2),동 벨트 조각 C,없음(0),0,동 등급(2),0,2506,0,0,0,1000,1,0,동 랜덤박스,동 조각 랜덤박스(4001),2425,52,3,1,99,,,,,
,2507,조각템(15),벨트 조각(25),조각인벤(2),동 벨트 조각 D,없음(0),0,동 등급(2),0,2507,0,0,0,1000,1,0,동 랜덤박스,동 조각 랜덤박스(4001),395,52,4,1,99,,,,,
,2508,조각템(15),벨트 조각(25),조각인벤(2),은 벨트 조각 A,없음(0),0,은 등급(3),0,2508,0,0,0,10000,1,0,은 랜덤박스,은 조각 랜덤박스(4002),2425,53,1,1,99,,,,,
,2509,조각템(15),벨트 조각(25),조각인벤(2),은 벨트 조각 B,없음(0),0,은 등급(3),0,2509,0,0,0,10000,1,0,은 랜덤박스,은 조각 랜덤박스(4002),2425,53,2,1,99,,,,,
,2510,조각템(15),벨트 조각(25),조각인벤(2),은 벨트 조각 C,없음(0),0,은 등급(3),0,2510,0,0,0,10000,1,0,은 랜덤박스,은 조각 랜덤박스(4002),2425,53,3,1,99,,,,,
,2511,조각템(15),벨트 조각(25),조각인벤(2),은 벨트 조각 D,없음(0),0,은 등급(3),0,2511,0,0,0,10000,1,0,은 랜덤박스,은 조각 랜덤박스(4002),395,53,4,1,99,,,,,
,2512,조각템(15),벨트 조각(25),조각인벤(2),금 벨트 조각 A,없음(0),0,금 등급(4),0,2512,0,0,0,25000,1,0,금 랜덤박스,금 조각 랜덤박스(4003),2435,54,1,1,99,,,,,
,2513,조각템(15),벨트 조각(25),조각인벤(2),금 벨트 조각 B,없음(0),0,금 등급(4),0,2513,0,0,0,25000,1,0,금 랜덤박스,금 조각 랜덤박스(4003),2435,54,2,1,99,,,,,
,2514,조각템(15),벨트 조각(25),조각인벤(2),금 벨트 조각 C,없음(0),0,금 등급(4),0,2514,0,0,0,25000,1,0,금 랜덤박스,금 조각 랜덤박스(4003),395,54,3,1,99,,,,,
,2515,조각템(15),벨트 조각(25),조각인벤(2),금 벨트 조각 D,없음(0),0,금 등급(4),0,2515,0,0,0,25000,1,0,금 랜덤박스,금 조각 랜덤박스(4003),2425,54,4,1,99,,,,,
,2516,조각템(15),벨트 조각(25),조각인벤(2),티타늄 벨트 조각 A,없음(0),0,티타늄 등급(5),0,2516,0,0,0,40000,1,0,티타늄 랜덤박스,티타늄 조각 랜덤박스(4004),2425,55,1,1,99,,,,,
,2517,조각템(15),벨트 조각(25),조각인벤(2),티타늄 벨트 조각 B,없음(0),0,티타늄 등급(5),0,2517,0,0,0,40000,1,0,티타늄 랜덤박스,티타늄 조각 랜덤박스(4004),2425,55,2,1,99,,,,,
,2518,조각템(15),벨트 조각(25),조각인벤(2),티타늄 벨트 조각 C,없음(0),0,티타늄 등급(5),0,2518,0,0,0,40000,1,0,티타늄 랜덤박스,티타늄 조각 랜덤박스(4004),2425,55,3,1,99,,,,,
,2519,조각템(15),벨트 조각(25),조각인벤(2),티타늄 벨트 조각 D,없음(0),0,티타늄 등급(5),0,2519,0,0,0,40000,1,0,티타늄 랜덤박스,티타늄 조각 랜덤박스(4004),395,55,4,1,99,,,,,
label(piecepart),itemcode,category,subcategory,equpslot,itemname,activate,toplist,grade,discount,icon,playerlv,multistate,gamecost,cashcost,buyamount,sellcost,description,getbox,getpercent1000,combcode,combsuborder,successpercent,failpercent,,,,,
,2600,조각템(15),무릎 보호대 조각(26),조각인벤(2),돌 무릎 보호대 조각 A,없음(0),0,돌 등급(1),0,2600,0,0,0,0,1,0,돌 랜덤박스,돌 조각 랜덤박스(4000),2435,56,1,1,99,,,,,
,2601,조각템(15),무릎 보호대 조각(26),조각인벤(2),돌 무릎 보호대 조각 B,없음(0),0,돌 등급(1),0,2601,0,0,0,0,1,0,돌 랜덤박스,돌 조각 랜덤박스(4000),2435,56,2,1,99,,,,,
,2602,조각템(15),무릎 보호대 조각(26),조각인벤(2),돌 무릎 보호대 조각 C,없음(0),0,돌 등급(1),0,2602,0,0,0,0,1,0,돌 랜덤박스,돌 조각 랜덤박스(4000),2435,56,3,1,99,,,,,
,2603,조각템(15),무릎 보호대 조각(26),조각인벤(2),돌 무릎 보호대 조각 D,없음(0),0,돌 등급(1),0,2603,0,0,0,0,1,0,돌 랜덤박스,돌 조각 랜덤박스(4000),395,56,4,1,99,,,,,
,2604,조각템(15),무릎 보호대 조각(26),조각인벤(2),동 무릎 보호대 조각 A,없음(0),0,동 등급(2),0,2604,0,0,0,1000,1,0,동 랜덤박스,동 조각 랜덤박스(4001),2425,57,1,1,99,,,,,
,2605,조각템(15),무릎 보호대 조각(26),조각인벤(2),동 무릎 보호대 조각 B,없음(0),0,동 등급(2),0,2605,0,0,0,1000,1,0,동 랜덤박스,동 조각 랜덤박스(4001),2425,57,2,1,99,,,,,
,2606,조각템(15),무릎 보호대 조각(26),조각인벤(2),동 무릎 보호대 조각 C,없음(0),0,동 등급(2),0,2606,0,0,0,1000,1,0,동 랜덤박스,동 조각 랜덤박스(4001),2425,57,3,1,99,,,,,
,2607,조각템(15),무릎 보호대 조각(26),조각인벤(2),동 무릎 보호대 조각 D,없음(0),0,동 등급(2),0,2607,0,0,0,1000,1,0,동 랜덤박스,동 조각 랜덤박스(4001),395,57,4,1,99,,,,,
,2608,조각템(15),무릎 보호대 조각(26),조각인벤(2),은 무릎 보호대 조각 A,없음(0),0,은 등급(3),0,2608,0,0,0,10000,1,0,은 랜덤박스,은 조각 랜덤박스(4002),2425,58,1,1,99,,,,,
,2609,조각템(15),무릎 보호대 조각(26),조각인벤(2),은 무릎 보호대 조각 B,없음(0),0,은 등급(3),0,2609,0,0,0,10000,1,0,은 랜덤박스,은 조각 랜덤박스(4002),2425,58,2,1,99,,,,,
,2610,조각템(15),무릎 보호대 조각(26),조각인벤(2),은 무릎 보호대 조각 C,없음(0),0,은 등급(3),0,2610,0,0,0,10000,1,0,은 랜덤박스,은 조각 랜덤박스(4002),2425,58,3,1,99,,,,,
,2611,조각템(15),무릎 보호대 조각(26),조각인벤(2),은 무릎 보호대 조각 D,없음(0),0,은 등급(3),0,2611,0,0,0,10000,1,0,은 랜덤박스,은 조각 랜덤박스(4002),395,58,4,1,99,,,,,
,2612,조각템(15),무릎 보호대 조각(26),조각인벤(2),금 무릎 보호대 조각 A,없음(0),0,금 등급(4),0,2612,0,0,0,25000,1,0,금 랜덤박스,금 조각 랜덤박스(4003),2435,59,1,1,99,,,,,
,2613,조각템(15),무릎 보호대 조각(26),조각인벤(2),금 무릎 보호대 조각 B,없음(0),0,금 등급(4),0,2613,0,0,0,25000,1,0,금 랜덤박스,금 조각 랜덤박스(4003),2435,59,2,1,99,,,,,
,2614,조각템(15),무릎 보호대 조각(26),조각인벤(2),금 무릎 보호대 조각 C,없음(0),0,금 등급(4),0,2614,0,0,0,25000,1,0,금 랜덤박스,금 조각 랜덤박스(4003),395,59,3,1,99,,,,,
,2615,조각템(15),무릎 보호대 조각(26),조각인벤(2),금 무릎 보호대 조각 D,없음(0),0,금 등급(4),0,2615,0,0,0,25000,1,0,금 랜덤박스,금 조각 랜덤박스(4003),2425,59,4,1,99,,,,,
,2616,조각템(15),무릎 보호대 조각(26),조각인벤(2),티타늄 무릎 보호대 조각 A,없음(0),0,티타늄 등급(5),0,2616,0,0,0,40000,1,0,티타늄 랜덤박스,티타늄 조각 랜덤박스(4004),2425,60,1,1,99,,,,,
,2617,조각템(15),무릎 보호대 조각(26),조각인벤(2),티타늄 무릎 보호대 조각 B,없음(0),0,티타늄 등급(5),0,2617,0,0,0,40000,1,0,티타늄 랜덤박스,티타늄 조각 랜덤박스(4004),2425,60,2,1,99,,,,,
,2618,조각템(15),무릎 보호대 조각(26),조각인벤(2),티타늄 무릎 보호대 조각 C,없음(0),0,티타늄 등급(5),0,2618,0,0,0,40000,1,0,티타늄 랜덤박스,티타늄 조각 랜덤박스(4004),2425,60,3,1,99,,,,,
,2619,조각템(15),무릎 보호대 조각(26),조각인벤(2),티타늄 무릎 보호대 조각 D,없음(0),0,티타늄 등급(5),0,2619,0,0,0,40000,1,0,티타늄 랜덤박스,티타늄 조각 랜덤박스(4004),395,60,4,1,99,,,,,
label(piecepart),itemcode,category,subcategory,equpslot,itemname,activate,toplist,grade,discount,icon,playerlv,multistate,gamecost,cashcost,buyamount,sellcost,description,getbox,getpercent1000,combcode,combsuborder,successpercent,failpercent,,,,,
,2700,조각템(15),양말 조각(27),조각인벤(2),돌 양말 조각 A,없음(0),0,돌 등급(1),0,2700,0,0,0,0,1,0,돌 랜덤박스,돌 조각 랜덤박스(4000),2435,61,1,1,99,,,,,
,2701,조각템(15),양말 조각(27),조각인벤(2),돌 양말 조각 B,없음(0),0,돌 등급(1),0,2701,0,0,0,0,1,0,돌 랜덤박스,돌 조각 랜덤박스(4000),2435,61,2,1,99,,,,,
,2702,조각템(15),양말 조각(27),조각인벤(2),돌 양말 조각 C,없음(0),0,돌 등급(1),0,2702,0,0,0,0,1,0,돌 랜덤박스,돌 조각 랜덤박스(4000),2435,61,3,1,99,,,,,
,2703,조각템(15),양말 조각(27),조각인벤(2),돌 양말 조각 D,없음(0),0,돌 등급(1),0,2703,0,0,0,0,1,0,돌 랜덤박스,돌 조각 랜덤박스(4000),395,61,4,1,99,,,,,
,2704,조각템(15),양말 조각(27),조각인벤(2),동 양말 조각 A,없음(0),0,동 등급(2),0,2704,0,0,0,1000,1,0,동 랜덤박스,동 조각 랜덤박스(4001),2425,62,1,1,99,,,,,
,2705,조각템(15),양말 조각(27),조각인벤(2),동 양말 조각 B,없음(0),0,동 등급(2),0,2705,0,0,0,1000,1,0,동 랜덤박스,동 조각 랜덤박스(4001),2425,62,2,1,99,,,,,
,2706,조각템(15),양말 조각(27),조각인벤(2),동 양말 조각 C,없음(0),0,동 등급(2),0,2706,0,0,0,1000,1,0,동 랜덤박스,동 조각 랜덤박스(4001),2425,62,3,1,99,,,,,
,2707,조각템(15),양말 조각(27),조각인벤(2),동 양말 조각 D,없음(0),0,동 등급(2),0,2707,0,0,0,1000,1,0,동 랜덤박스,동 조각 랜덤박스(4001),395,62,4,1,99,,,,,
,2708,조각템(15),양말 조각(27),조각인벤(2),은 양말 조각 A,없음(0),0,은 등급(3),0,2708,0,0,0,10000,1,0,은 랜덤박스,은 조각 랜덤박스(4002),2425,63,1,1,99,,,,,
,2709,조각템(15),양말 조각(27),조각인벤(2),은 양말 조각 B,없음(0),0,은 등급(3),0,2709,0,0,0,10000,1,0,은 랜덤박스,은 조각 랜덤박스(4002),2425,63,2,1,99,,,,,
,2710,조각템(15),양말 조각(27),조각인벤(2),은 양말 조각 C,없음(0),0,은 등급(3),0,2710,0,0,0,10000,1,0,은 랜덤박스,은 조각 랜덤박스(4002),2425,63,3,1,99,,,,,
,2711,조각템(15),양말 조각(27),조각인벤(2),은 양말 조각 D,없음(0),0,은 등급(3),0,2711,0,0,0,10000,1,0,은 랜덤박스,은 조각 랜덤박스(4002),395,63,4,1,99,,,,,
,2712,조각템(15),양말 조각(27),조각인벤(2),금 양말 조각 A,없음(0),0,금 등급(4),0,2712,0,0,0,25000,1,0,금 랜덤박스,금 조각 랜덤박스(4003),2435,64,1,1,99,,,,,
,2713,조각템(15),양말 조각(27),조각인벤(2),금 양말 조각 B,없음(0),0,금 등급(4),0,2713,0,0,0,25000,1,0,금 랜덤박스,금 조각 랜덤박스(4003),2435,64,2,1,99,,,,,
,2714,조각템(15),양말 조각(27),조각인벤(2),금 양말 조각 C,없음(0),0,금 등급(4),0,2714,0,0,0,25000,1,0,금 랜덤박스,금 조각 랜덤박스(4003),395,64,3,1,99,,,,,
,2715,조각템(15),양말 조각(27),조각인벤(2),금 양말 조각 D,없음(0),0,금 등급(4),0,2715,0,0,0,25000,1,0,금 랜덤박스,금 조각 랜덤박스(4003),2425,64,4,1,99,,,,,
,2716,조각템(15),양말 조각(27),조각인벤(2),티타늄 양말 조각 A,없음(0),0,티타늄 등급(5),0,2716,0,0,0,40000,1,0,티타늄 랜덤박스,티타늄 조각 랜덤박스(4004),2425,65,1,1,99,,,,,
,2717,조각템(15),양말 조각(27),조각인벤(2),티타늄 양말 조각 B,없음(0),0,티타늄 등급(5),0,2717,0,0,0,40000,1,0,티타늄 랜덤박스,티타늄 조각 랜덤박스(4004),2425,65,2,1,99,,,,,
,2718,조각템(15),양말 조각(27),조각인벤(2),티타늄 양말 조각 C,없음(0),0,티타늄 등급(5),0,2718,0,0,0,40000,1,0,티타늄 랜덤박스,티타늄 조각 랜덤박스(4004),2425,65,3,1,99,,,,,
,2719,조각템(15),양말 조각(27),조각인벤(2),티타늄 양말 조각 D,없음(0),0,티타늄 등급(5),0,2719,0,0,0,40000,1,0,티타늄 랜덤박스,티타늄 조각 랜덤박스(4004),395,65,4,1,99,,,,,
//소모템 리스트,,,,,,,,,,,,,,,,,,,,,,,,,,,,
label(piecebox),itemcode,category,subcategory,equpslot,itemname,activate,toplist,grade,discount,icon,playerlv,multistate,gamecost,cashcost,buyamount,sellcost,description,additemcode,,,,,,,,,,
,4000,소모품(40),조각 랜덤박스(40),소비인벤(3),돌 조각 랜덤박스,없음(0),0,돌 등급(0),0,box01,0,단일템(0),0,0,1,0,돌 조각의상 52종 중 랜덤 하나,-1,,,,,,,,,,
,4001,소모품(40),조각 랜덤박스(40),소비인벤(3),동 조각 랜덤박스,상점용(1),0,동 등급(1),0,box02,0,단일템(0),0,1000,1,0,동 조각의상 52종이나 응원의 소리 중 랜덤 하나,응원의 소리(4600),,,,,,,,,,
,4002,소모품(40),조각 랜덤박스(40),소비인벤(3),은 조각 랜덤박스,상점용(1),0,은 등급(2),0,box03,0,단일템(0),0,10000,1,0,은 조각의상 52종이나 응원의 소리 중 랜덤 하나,응원의 소리(4600),,,,,,,,,,
,4003,소모품(40),조각 랜덤박스(40),소비인벤(3),금 조각 랜덤박스,상점용(1),0,금 등급(3),0,box04,0,단일템(0),0,25000,1,0,금 조각의상 52종이나 응원의 소리 중 랜덤 하나,응원의 소리(4600),,,,,,,,,,
,4004,소모품(40),조각 랜덤박스(40),소비인벤(3),티타늄 조각 랜덤박스,상점용(1),0,티타늄 등급(4),0,box05,0,단일템(0),0,40000,1,0,티타늄 조각의상 52종이나 응원의 소리 중 랜덤 하나,응원의 소리(4600),,,,,,,,,,
label(wearbox),itemcode,category,subcategory,equpslot,itemname,activate,toplist,grade,discount,icon,playerlv,multistate,gamecost,cashcost,buyamount,sellcost,description,,,,,,,,,,,
,4100,소모품(40),의상 랜덤박스(41),소비인벤(3),돌 의상 랜덤박스,없음(0),0,돌 등급(0),0,box01,0,단일템(0),0,0,1,0,돌 완성의상 13종 중 랜덤 하나,,,,,,,,,,,
,4101,소모품(40),의상 랜덤박스(41),소비인벤(3),동 의상 랜덤박스,없음(0),0,동 등급(1),0,box02,0,단일템(0),0,0,1,0,동 완성의상 13종 중 랜덤 하나,,,,,,,,,,,
,4102,소모품(40),의상 랜덤박스(41),소비인벤(3),은 의상 랜덤박스,없음(0),0,은 등급(2),0,box03,0,단일템(0),0,0,1,0,은 완성의상 13종 중 랜덤 하나,,,,,,,,,,,
,4103,소모품(40),의상 랜덤박스(41),소비인벤(3),금 의상 랜덤박스,없음(0),0,금 등급(3),0,box04,0,단일템(0),0,0,1,0,금 완성의상 13종 중 랜덤 하나,,,,,,,,,,,
,4104,소모품(40),의상 랜덤박스(41),소비인벤(3),티타늄 의상 랜덤박스,없음(0),0,티타늄 등급(4),0,box05,0,단일템(0),0,0,1,0,티타늄 완성의상 13종 중 랜덤 하나,,,,,,,,,,,
label(advicebox),itemcode,category,subcategory,equpslot,itemname,activate,toplist,grade,discount,icon,playerlv,multistate,gamecost,cashcost,buyamount,sellcost,description,percent1,itemp1,percent2,itemp2,percent3,itemp3,,,,,
,4200,소모품(40),조언 패키지 박스(42),소비인벤(3),조언 패키지 박스,없음(0),0,0,0,a,0,단일템(0),0,0,1,0,코치나 감독의 조언 주문서가 일정 확률로 나온다.,7,4601,3,4602,90,-1,,,,,
label(spendable),itemcode,category,subcategory,equpslot,itemname,activate,toplist,grade,discount,icon,playerlv,multistate,gamecost,cashcost,buyamount,sellcost,description,,,,,,,,,,,
,4500,소모품(40),조합초월주문서(45),소비인벤(3),조합 주문서,상점용(1),0,일반(1),0,orderxx1,0,단일템(0),0,1000,3,1,조각들을 완성하는데 필요한 템,,,,,,,,,,,
,4501,소모품(40),조합초월주문서(45),소비인벤(3),초월 주문서,상점용(1),0,일반(1),0,orderxx2,0,단일템(0),0,500,1,2,상위 등급으로 초월하는데 필요한 소모템,,,,,,,,,,,
label(spendable),itemcode,category,subcategory,equpslot,itemname,activate,toplist,grade,discount,icon,playerlv,multistate,gamecost,cashcost,buyamount,sellcost,description,gamemode,tax100,,,,,,,,,
,4600,소모품(40),수수료주문서(46),소비인벤(3),응원의 소리,없음(0),0,일반(1),0,orderxx1,0,단일템(0),0,0,1,1,싱글 모드에서 배팅시 수수료 3% 차감해준다.,싱글만(1),300,,,,,,,,,
,4601,소모품(40),수수료주문서(46),소비인벤(3),코치의 조언 주문서,없음(0),0,일반(1),0,orderxx1,0,단일템(0),0,0,1,1,각 모드에서 배팅시 수수료 2% 차감해준다.,싱글멀티(3),200,,,,,,,,,
,4602,소모품(40),수수료주문서(46),소비인벤(3),감독의 조언 주문서,없음(0),0,일반(1),0,orderxx1,0,단일템(0),0,0,1,1,각 모드에서 배팅시 수수료 3% 차감해준다.,싱글멀티(3),300,,,,,,,,,
label(spendable),itemcode,category,subcategory,equpslot,itemname,activate,toplist,grade,discount,icon,playerlv,multistate,gamecost,cashcost,buyamount,sellcost,description,,,,,,,,,,,
,4700,소모품(40),기타아이템(47),소비인벤(3),닉네임 변경권,없음(0),0,일반(1),0,orderxx1,0,단일템(0),0,1000,1,1,닉네임을 변경할때 필요한 아이템입니다.,,,,,,,,,,,
label(spendable),itemcode,category,subcategory,equpslot,itemname,activate,toplist,grade,discount,icon,playerlv,multistate,gamecost,cashcost,buyamount,sellcost,description,,,,,,,,,,,
,4800,소모품(40),랜덤다이아(48),소비인벤(3),랜덤 다이아 박스,없음(0),0,일반(1),0,orderxx1,0,단일템(0),0,10000,1,1,5000에서 1000만 다이아에 코치의 조언`감독의 조언`응원의 소리 1장씩 지급됩니다.,,,,,,,,,,,
label(cashcoin),itemcode,category,subcategory,equpslot,itemname,activate,toplist,grade,discount,icon,playerlv,multistate,gamecost,cashcost,buyamount,sellcost,description,,,,,,,,,,,
,5000,다이아(50),다이아(50),없음(0),다이아,0,0,저급(0),0,crystal00,0,멀티템(1),0,1,1,1,다이아,,,,,,,,,,,
,5001,다이아(50),다이아(50),없음(0),다이아 소량,1,0,저급(0),0,crystal01,0,단일템(0),0,100,100,1,다이아 소량,,,,,,,,,,,
,5002,다이아(50),다이아(50),없음(0),다이아 뭉치,1,0,저급(0),0,crystal02,0,단일템(0),0,1000,1000,1,다이아 뭉치,,,,,,,,,,,
,5003,다이아(50),다이아(50),없음(0),다이아 주머니,1,0,저급(0),0,crystal03,0,단일템(0),0,2500,2500,1,다이아 주머니,,,,,,,,,,,
,5004,다이아(50),다이아(50),없음(0),작은 다이아 상자,1,0,저급(0),0,crystal04,0,단일템(0),0,4000,4000,1,작은 다이아 상자,,,,,,,,,,,
,5005,다이아(50),다이아(50),없음(0),큰 다이아 상자,1,0,저급(0),0,crystal05,0,단일템(0),0,10000,10000,1,큰 다이아 상자,,,,,,,,,,,
,5006,다이아(50),다이아(50),없음(0),대형 다이아 상자,1,0,저급(0),0,crystal06,0,단일템(0),0,20000,20000,1,대형 다이아 상자,,,,,,,,,,,
//정보수집용,,,,,,,,,,,,,,,,,,,,,,,,,,,,
label(staticinfo),itemcode,category,subcategory,equpslot,itemname,activate,toplist,grade,discount,icon,playerlv,houselv,gamecost,cashcost,buyamount,sellcost,description,,,,,,,,,,,
,50000,정보수집(500),정보수집(500),정보용(60),캐쉬 구매,0,0,저급(0),0,16,0,0,0,8,1,1,캐쉬 구매,,,,,,,,,,,
,50001,정보수집(500),정보수집(500),정보용(60),조각 의상 박스오픈,0,0,저급(0),0,16,0,0,0,10,1,1,조각 의상 박스오픈,,,,,,,,,,,
,50002,정보수집(500),정보수집(500),정보용(60),완성 의상박스 오픈,0,0,저급(0),0,16,0,0,0,0,1,1,완성 의상박스 오픈,,,,,,,,,,,
,50003,정보수집(500),정보수집(500),정보용(60),초월 사용횟수,0,0,저급(0),0,16,0,0,0,0,1,1,초월 사용횟수,,,,,,,,,,,
label(levelupreward),itemcode,category,subcategory,equpslot,itemname,activate,toplist,grade,discount,icon,playerlv,multistate,gamecost,cashcost,buyamount,sellcost,description,lvup,lvupitem,lvupitemcnt,,,,,,,,
,51000,레벨업 보상(510),레벨업 보상(510),정보용(60),레벨업보상1,없음(0),0,일반(1),0,orderxx1,0,0,0,0,1,1,없음,10,돌 조각 랜덤박스(4000),1,,,,,,,,
,51001,레벨업 보상(510),레벨업 보상(510),정보용(60),레벨업보상2,없음(0),0,일반(1),0,orderxx1,0,0,0,0,1,1,없음,20,돌 조각 랜덤박스(4000),1,,,,,,,,
,51002,레벨업 보상(510),레벨업 보상(510),정보용(60),레벨업보상3,없음(0),0,일반(1),0,orderxx1,0,0,0,0,1,1,없음,30,돌 조각 랜덤박스(4000),1,,,,,,,,
,51003,레벨업 보상(510),레벨업 보상(510),정보용(60),레벨업보상4,없음(0),0,일반(1),0,orderxx1,0,0,0,0,1,1,없음,40,돌 조각 랜덤박스(4000),2,,,,,,,,
,51004,레벨업 보상(510),레벨업 보상(510),정보용(60),레벨업보상5,없음(0),0,일반(1),0,orderxx1,0,0,0,0,1,1,없음,50,돌 조각 랜덤박스(4000),2,,,,,,,,
,51005,레벨업 보상(510),레벨업 보상(510),정보용(60),레벨업보상6,없음(0),0,일반(1),0,orderxx1,0,0,0,0,1,1,없음,60,돌 조각 랜덤박스(4000),2,,,,,,,,
,51006,레벨업 보상(510),레벨업 보상(510),정보용(60),레벨업보상7,없음(0),0,일반(1),0,orderxx1,0,0,0,0,1,1,없음,70,돌 조각 랜덤박스(4000),3,,,,,,,,
,51007,레벨업 보상(510),레벨업 보상(510),정보용(60),레벨업보상8,없음(0),0,일반(1),0,orderxx1,0,0,0,0,1,1,없음,80,돌 조각 랜덤박스(4000),3,,,,,,,,
,51008,레벨업 보상(510),레벨업 보상(510),정보용(60),레벨업보상9,없음(0),0,일반(1),0,orderxx1,0,0,0,0,1,1,없음,90,돌 조각 랜덤박스(4000),3,,,,,,,,
,51009,레벨업 보상(510),레벨업 보상(510),정보용(60),레벨업보상10,없음(0),0,일반(1),0,orderxx1,0,0,0,0,1,1,없음,100,돌 조각 랜덤박스(4000),4,,,,,,,,
,51010,레벨업 보상(510),레벨업 보상(510),정보용(60),레벨업보상11,없음(0),0,일반(1),0,orderxx1,0,0,0,0,1,1,없음,110,돌 조각 랜덤박스(4000),4,,,,,,,,
,51011,레벨업 보상(510),레벨업 보상(510),정보용(60),레벨업보상12,없음(0),0,일반(1),0,orderxx1,0,0,0,0,1,1,없음,120,돌 조각 랜덤박스(4000),4,,,,,,,,
,51012,레벨업 보상(510),레벨업 보상(510),정보용(60),레벨업보상13,없음(0),0,일반(1),0,orderxx1,0,0,0,0,1,1,없음,130,돌 의상 랜덤박스(4100),1,,,,,,,,
,51013,레벨업 보상(510),레벨업 보상(510),정보용(60),레벨업보상14,없음(0),0,일반(1),0,orderxx1,0,0,0,0,1,1,없음,140,동 조각 랜덤박스(4001),1,,,,,,,,
,51014,레벨업 보상(510),레벨업 보상(510),정보용(60),레벨업보상15,없음(0),0,일반(1),0,orderxx1,0,0,0,0,1,1,없음,150,동 조각 랜덤박스(4001),1,,,,,,,,
,51015,레벨업 보상(510),레벨업 보상(510),정보용(60),레벨업보상16,없음(0),0,일반(1),0,orderxx1,0,0,0,0,1,1,없음,160,동 조각 랜덤박스(4001),1,,,,,,,,
,51016,레벨업 보상(510),레벨업 보상(510),정보용(60),레벨업보상17,없음(0),0,일반(1),0,orderxx1,0,0,0,0,1,1,없음,170,동 조각 랜덤박스(4001),2,,,,,,,,
,51017,레벨업 보상(510),레벨업 보상(510),정보용(60),레벨업보상18,없음(0),0,일반(1),0,orderxx1,0,0,0,0,1,1,없음,180,동 조각 랜덤박스(4001),2,,,,,,,,
,51018,레벨업 보상(510),레벨업 보상(510),정보용(60),레벨업보상19,없음(0),0,일반(1),0,orderxx1,0,0,0,0,1,1,없음,190,동 조각 랜덤박스(4001),2,,,,,,,,
,51019,레벨업 보상(510),레벨업 보상(510),정보용(60),레벨업보상20,없음(0),0,일반(1),0,orderxx1,0,0,0,0,1,1,없음,200,동 조각 랜덤박스(4001),3,,,,,,,,
,51020,레벨업 보상(510),레벨업 보상(510),정보용(60),레벨업보상21,없음(0),0,일반(1),0,orderxx1,0,0,0,0,1,1,없음,210,동 조각 랜덤박스(4001),3,,,,,,,,
,51021,레벨업 보상(510),레벨업 보상(510),정보용(60),레벨업보상22,없음(0),0,일반(1),0,orderxx1,0,0,0,0,1,1,없음,220,동 조각 랜덤박스(4001),3,,,,,,,,
,51022,레벨업 보상(510),레벨업 보상(510),정보용(60),레벨업보상23,없음(0),0,일반(1),0,orderxx1,0,0,0,0,1,1,없음,230,동 조각 랜덤박스(4001),4,,,,,,,,
,51023,레벨업 보상(510),레벨업 보상(510),정보용(60),레벨업보상24,없음(0),0,일반(1),0,orderxx1,0,0,0,0,1,1,없음,240,동 조각 랜덤박스(4001),4,,,,,,,,
,51024,레벨업 보상(510),레벨업 보상(510),정보용(60),레벨업보상25,없음(0),0,일반(1),0,orderxx1,0,0,0,0,1,1,없음,250,동 조각 랜덤박스(4001),4,,,,,,,,
,51025,레벨업 보상(510),레벨업 보상(510),정보용(60),레벨업보상26,없음(0),0,일반(1),0,orderxx1,0,0,0,0,1,1,없음,260,동 의상 랜덤박스(4101),1,,,,,,,,
,51026,레벨업 보상(510),레벨업 보상(510),정보용(60),레벨업보상27,없음(0),0,일반(1),0,orderxx1,0,0,0,0,1,1,없음,270,은 조각 랜덤박스(4002),1,,,,,,,,
,51027,레벨업 보상(510),레벨업 보상(510),정보용(60),레벨업보상28,없음(0),0,일반(1),0,orderxx1,0,0,0,0,1,1,없음,280,은 조각 랜덤박스(4002),1,,,,,,,,
,51028,레벨업 보상(510),레벨업 보상(510),정보용(60),레벨업보상29,없음(0),0,일반(1),0,orderxx1,0,0,0,0,1,1,없음,290,은 조각 랜덤박스(4002),1,,,,,,,,
,51029,레벨업 보상(510),레벨업 보상(510),정보용(60),레벨업보상30,없음(0),0,일반(1),0,orderxx1,0,0,0,0,1,1,없음,300,은 조각 랜덤박스(4002),2,,,,,,,,
,51030,레벨업 보상(510),레벨업 보상(510),정보용(60),레벨업보상31,없음(0),0,일반(1),0,orderxx1,0,0,0,0,1,1,없음,310,은 조각 랜덤박스(4002),2,,,,,,,,
,51031,레벨업 보상(510),레벨업 보상(510),정보용(60),레벨업보상32,없음(0),0,일반(1),0,orderxx1,0,0,0,0,1,1,없음,320,은 조각 랜덤박스(4002),2,,,,,,,,
,51032,레벨업 보상(510),레벨업 보상(510),정보용(60),레벨업보상33,없음(0),0,일반(1),0,orderxx1,0,0,0,0,1,1,없음,330,은 조각 랜덤박스(4002),3,,,,,,,,
,51033,레벨업 보상(510),레벨업 보상(510),정보용(60),레벨업보상34,없음(0),0,일반(1),0,orderxx1,0,0,0,0,1,1,없음,340,은 조각 랜덤박스(4002),3,,,,,,,,
,51034,레벨업 보상(510),레벨업 보상(510),정보용(60),레벨업보상35,없음(0),0,일반(1),0,orderxx1,0,0,0,0,1,1,없음,350,은 조각 랜덤박스(4002),3,,,,,,,,
,51035,레벨업 보상(510),레벨업 보상(510),정보용(60),레벨업보상36,없음(0),0,일반(1),0,orderxx1,0,0,0,0,1,1,없음,360,은 조각 랜덤박스(4002),4,,,,,,,,
,51036,레벨업 보상(510),레벨업 보상(510),정보용(60),레벨업보상37,없음(0),0,일반(1),0,orderxx1,0,0,0,0,1,1,없음,370,은 조각 랜덤박스(4002),4,,,,,,,,
,51037,레벨업 보상(510),레벨업 보상(510),정보용(60),레벨업보상38,없음(0),0,일반(1),0,orderxx1,0,0,0,0,1,1,없음,380,은 조각 랜덤박스(4002),4,,,,,,,,
,51038,레벨업 보상(510),레벨업 보상(510),정보용(60),레벨업보상39,없음(0),0,일반(1),0,orderxx1,0,0,0,0,1,1,없음,390,은 의상 랜덤박스(4102),1,,,,,,,,
,51039,레벨업 보상(510),레벨업 보상(510),정보용(60),레벨업보상40,없음(0),0,일반(1),0,orderxx1,0,0,0,0,1,1,없음,400,금 조각 랜덤박스(4003),1,,,,,,,,
,51040,레벨업 보상(510),레벨업 보상(510),정보용(60),레벨업보상41,없음(0),0,일반(1),0,orderxx1,0,0,0,0,1,1,없음,410,금 조각 랜덤박스(4003),1,,,,,,,,
,51041,레벨업 보상(510),레벨업 보상(510),정보용(60),레벨업보상42,없음(0),0,일반(1),0,orderxx1,0,0,0,0,1,1,없음,420,금 조각 랜덤박스(4003),1,,,,,,,,
,51042,레벨업 보상(510),레벨업 보상(510),정보용(60),레벨업보상43,없음(0),0,일반(1),0,orderxx1,0,0,0,0,1,1,없음,430,금 조각 랜덤박스(4003),2,,,,,,,,
,51043,레벨업 보상(510),레벨업 보상(510),정보용(60),레벨업보상44,없음(0),0,일반(1),0,orderxx1,0,0,0,0,1,1,없음,440,금 조각 랜덤박스(4003),2,,,,,,,,
,51044,레벨업 보상(510),레벨업 보상(510),정보용(60),레벨업보상45,없음(0),0,일반(1),0,orderxx1,0,0,0,0,1,1,없음,450,금 조각 랜덤박스(4003),2,,,,,,,,
,51045,레벨업 보상(510),레벨업 보상(510),정보용(60),레벨업보상46,없음(0),0,일반(1),0,orderxx1,0,0,0,0,1,1,없음,460,금 조각 랜덤박스(4003),3,,,,,,,,
,51046,레벨업 보상(510),레벨업 보상(510),정보용(60),레벨업보상47,없음(0),0,일반(1),0,orderxx1,0,0,0,0,1,1,없음,470,금 조각 랜덤박스(4003),3,,,,,,,,
,51047,레벨업 보상(510),레벨업 보상(510),정보용(60),레벨업보상48,없음(0),0,일반(1),0,orderxx1,0,0,0,0,1,1,없음,479,금 조각 랜덤박스(4003),3,,,,,,,,
,51048,레벨업 보상(510),레벨업 보상(510),정보용(60),레벨업보상49,없음(0),0,일반(1),0,orderxx1,0,0,0,0,1,1,없음,490,금 조각 랜덤박스(4003),4,,,,,,,,
,51049,레벨업 보상(510),레벨업 보상(510),정보용(60),레벨업보상50,없음(0),0,일반(1),0,orderxx1,0,0,0,0,1,1,없음,500,금 조각 랜덤박스(4003),4,,,,,,,,
,51050,레벨업 보상(510),레벨업 보상(510),정보용(60),레벨업보상51,없음(0),0,일반(1),0,orderxx1,0,0,0,0,1,1,없음,510,금 조각 랜덤박스(4003),4,,,,,,,,
,51051,레벨업 보상(510),레벨업 보상(510),정보용(60),레벨업보상52,없음(0),0,일반(1),0,orderxx1,0,0,0,0,1,1,없음,520,금 의상 랜덤박스(4103),1,,,,,,,,
,51052,레벨업 보상(510),레벨업 보상(510),정보용(60),레벨업보상53,없음(0),0,일반(1),0,orderxx1,0,0,0,0,1,1,없음,530,티타늄 조각 랜덤박스(4004),1,,,,,,,,
,51053,레벨업 보상(510),레벨업 보상(510),정보용(60),레벨업보상54,없음(0),0,일반(1),0,orderxx1,0,0,0,0,1,1,없음,540,티타늄 조각 랜덤박스(4004),1,,,,,,,,
,51054,레벨업 보상(510),레벨업 보상(510),정보용(60),레벨업보상55,없음(0),0,일반(1),0,orderxx1,0,0,0,0,1,1,없음,550,티타늄 조각 랜덤박스(4004),1,,,,,,,,
,51055,레벨업 보상(510),레벨업 보상(510),정보용(60),레벨업보상56,없음(0),0,일반(1),0,orderxx1,0,0,0,0,1,1,없음,560,티타늄 조각 랜덤박스(4004),2,,,,,,,,
,51056,레벨업 보상(510),레벨업 보상(510),정보용(60),레벨업보상57,없음(0),0,일반(1),0,orderxx1,0,0,0,0,1,1,없음,570,티타늄 조각 랜덤박스(4004),2,,,,,,,,
,51057,레벨업 보상(510),레벨업 보상(510),정보용(60),레벨업보상58,없음(0),0,일반(1),0,orderxx1,0,0,0,0,1,1,없음,580,티타늄 조각 랜덤박스(4004),2,,,,,,,,
,51058,레벨업 보상(510),레벨업 보상(510),정보용(60),레벨업보상59,없음(0),0,일반(1),0,orderxx1,0,0,0,0,1,1,없음,590,티타늄 조각 랜덤박스(4004),3,,,,,,,,
,51059,레벨업 보상(510),레벨업 보상(510),정보용(60),레벨업보상60,없음(0),0,일반(1),0,orderxx1,0,0,0,0,1,1,없음,600,티타늄 조각 랜덤박스(4004),3,,,,,,,,
,51060,레벨업 보상(510),레벨업 보상(510),정보용(60),레벨업보상61,없음(0),0,일반(1),0,orderxx1,0,0,0,0,1,1,없음,610,티타늄 조각 랜덤박스(4004),3,,,,,,,,
,51061,레벨업 보상(510),레벨업 보상(510),정보용(60),레벨업보상62,없음(0),0,일반(1),0,orderxx1,0,0,0,0,1,1,없음,620,티타늄 조각 랜덤박스(4004),4,,,,,,,,
,51062,레벨업 보상(510),레벨업 보상(510),정보용(60),레벨업보상63,없음(0),0,일반(1),0,orderxx1,0,0,0,0,1,1,없음,630,티타늄 조각 랜덤박스(4004),4,,,,,,,,
,51063,레벨업 보상(510),레벨업 보상(510),정보용(60),레벨업보상64,없음(0),0,일반(1),0,orderxx1,0,0,0,0,1,1,없음,640,티타늄 조각 랜덤박스(4004),4,,,,,,,,
,51064,레벨업 보상(510),레벨업 보상(510),정보용(60),레벨업보상65,없음(0),0,일반(1),0,orderxx1,0,0,0,0,1,1,없음,650,티타늄 의상 랜덤박스(4104),1,,,,,,,,
